accession	strain	subtype	date	host	host_common_name	location	region	passage_history	length
CY022013.1	A/Albany/20/1957	H2N2	1957	Homo sapiens		USA: Albany County, NY	North America	Amniotic 1 Allantoic 2 passage(s)	1733
CY021805.1	A/Albany/22/1957	H2N2	1957	Homo sapiens		USA: Albany County, NY	North America	Amniotic 2 Allantoic 1 passage(s)	1741
CY125910.1	A/Ann Arbor/23/1957	H2N2	1957	Homo sapiens		USA: Michigan, Ann Arbor	North America		1748
CY031579.1	A/Ann Arbor/23/1957	H2N2	1957	Homo sapiens		USA: Ann Arbor, MI	North America		1733
CY125870.1	A/ITS/1/1957	H2N2	1957	Homo sapiens		Japan: Itsukaichi	Asia		1748
CY044325.1	A/Japan/305/1957	H2N2	1957	Homo sapiens		Japan	Asia	Egg passage(s)	1712
CY045804.1	A/Japan/305/1957	H2N2	1957	Homo sapiens		Japan	Asia	egg 2 passage(s)	1741
KP098432.1	A/Okuda/1957	H2N2	1957	Homo sapiens		Japan	Asia		1748
CY125878.1	A/Rockville Illinois/5-CA/1957	H2N2	1957	Homo sapiens		USA: Illinois, Rockville	North America		1748
CY125830.1	A/Rockville Illinois/5/1957	H2N2	1957	Homo sapiens		USA: Illinois, Rockville	North America		1748
CY077897.1	A/Rotterdam/1957	H2N2	1957	Homo sapiens		Netherlands: Rotterdam	Europe		1730
KP098424.1	A/Shanghai/202/1957	H2N2	1957	Homo sapiens		China: Shanghai	Asia		1748
CY125894.1	A/Singapore/1/1957	H2N2	1957	Homo sapiens		Singapore	Asia		1748
CY034044.1	A/Singapore/1/1957	H2N2	1957	Homo sapiens		Singapore	Asia	egg 2 passage(s)	1734
KP098384.1	A/Zhang/4/1957	H2N2	1957	Homo sapiens		China	Asia		1748
CY014976.1	A/Japan/305/1957	H2N2	1957-04	Homo sapiens		Japan: Zama	Asia		1773
CY087800.1	A/Japan/305-MA12/1957	H2N2	1957-06-01	Homo sapiens		Japan	Asia	Mouselung 12+MDCK 2+egg 2 passage(s)	1748
CY087792.1	A/Singapore/1-MA12E/1957	H2N2	1957-06-01	Homo sapiens		Singapore	Asia	Mouselung 12+MDCK 2+egg 2 passage(s)	1748
KM885170.1	A/Netherlands/M2/1957	H2N2	1957-07-13	Homo sapiens		Netherlands: Rotterdam or Leiden, South Holland	Europe		1773
HM204775.1	A/El Salvador/2-Q226L/1957	H2N2	1957-09-02	Homo sapiens		El Salvador	North America		1689
HM204767.1	A/El Salvador/2/1957	H2N2	1957-09-02	Homo sapiens		El Salvador	North America		1689
KM402801.1	A/Netherlands/M1/1957	H2N2	1957-09-11	Homo sapiens		Netherlands: Leiden, South Holland	Europe		1773
CY020381.1	A/Albany/26/1957	H2N2	1957-11-12	Homo sapiens		USA: Albany County, NY	North America	Amniotic 1 Allantoic 1 passage(s)	1739
CY021813.1	A/Albany/1/1958	H2N2	1958	Homo sapiens		USA: Albany County, NY	North America	Amniotic 2 Allantoic 1 passage(s)	1741
CY020317.1	A/Albany/2/1958	H2N2	1958	Homo sapiens		USA: Albany County, NY	North America	Amniotic 1 Allantoic 1 passage(s)	1731
CY021789.1	A/Albany/24/1958	H2N2	1958	Homo sapiens		USA: Albany County, NY	North America	Amniotic 2 Allantoic 1 passage(s)	1733
CY021069.1	A/Albany/3/1958	H2N2	1958	Homo sapiens		USA: Albany County, NY	North America	Amniotic 1 Allantoic 1 passage(s)	1732
CY020373.1	A/Albany/4/1958	H2N2	1958	Homo sapiens		USA: Albany County, NY	North America	Amniotic 1 Allantoic 1 passage(s)	1739
CY021013.1	A/Albany/5/1958	H2N2	1958-01-29	Homo sapiens		USA: Albany County, NY	North America	Amniotic 1 Allantoic 1 passage(s)	1739
CY032253.1	A/Krasnodar/101/1959	H2N2	1959	Homo sapiens		Russia: Krasnodar	Europe	P2 passage(s)	1722
CY077904.1	A/Nijmegen/1959	H2N2	1959	Homo sapiens		Netherlands: Nijmegen	Europe		1750
CY020541.1	A/Albany/1/1959	H2N2	1959-02-03	Homo sapiens		USA: Albany County, NY	North America	pRhMK 1 Allantoic 2 passage(s)	1739
CY021933.1	A/Albany/1/1960	H2N2	1960	Homo sapiens		USA: Albany County, NY	North America	Amniotic 2 Allantoic 1 passage(s)	1733
CY125902.1	A/Ann Arbor/6/1960	H2N2	1960	Homo sapiens		USA: Michigan, Ann Arbor	North America		1748
CY077786.1	A/Netherlands/056H1/1960	H2N2	1960	Homo sapiens		Netherlands	Europe		1772
CY125854.1	A/England/1/1961	H2N2	1961	Homo sapiens		United Kingdom: England	Europe		1732
KP098440.1	A/England/12/1962	H2N2	1962	Homo sapiens		United Kingdom	Europe		1748
KP098408.1	A/Georgia/1/1963	H2N2	1963	Homo sapiens		USA	North America		1748
KP098416.1	A/Leningrad/29/1963	H2N2	1963	Homo sapiens		Russia: Leningrad	Europe		1748
CY125886.1	A/Ned/65/1963	H2N2	1963	Homo sapiens		Netherlands	Europe		1748
CY077733.1	A/Netherlands/001K1/1963	H2N2	1963	Homo sapiens		Netherlands	Europe		1763
CY035078.1	A/Netherlands/56/1963	H2N2	1963	Homo sapiens		Netherlands	Europe	P2 passage(s)	1715
CY045788.1	A/North Carolina/1/1963	H2N2	1963	Homo sapiens		USA: North Carolina	North America	egg 2 passage(s)	1734
CY031587.1	A/North Carolina/1/1963	H2N2	1963	Homo sapiens		USA: North Carolina	North America		1711
KP098392.1	A/Beijing/12/1964	H2N2	1964	Homo sapiens		China: Beijing	Asia		1748
CY032237.1	A/Berlin/3/1964	H2N2	1964	Homo sapiens		Germany: Berlin	Europe	Unknown/P3 passage(s)	1735
CY032261.1	A/Cottbus/1/1964	H2N2	1964	Homo sapiens		Germany: Cottbus	Europe	P2 passage(s)	1711
CY031603.1	A/Moscow/1019/1965	H2N2	1965	Homo sapiens		Russia: Moscow	Europe		1726
CY032245.1	A/Potsdam/2/1965	H2N2	1965	Homo sapiens		Germany: Potsdam	Europe	E2(28) passage(s)	1711
CY034926.1	A/Czech Republic/1/1966	H2N2	1966	Homo sapiens		Czech Republic	Europe		1705
CY020405.1	A/Albany/3/1967	H2N2	1967	Homo sapiens		USA: Albany County, NY	North America	pRhMK 3 passage(s)	1740
CY021997.1	A/Albany/4/1967	H2N2	1967	Homo sapiens		USA: Albany County, NY	North America	pRhMK 3 passage(s)	1732
CY020389.1	A/Albany/6/1967	H2N2	1967	Homo sapiens		USA: Albany County, NY	North America	Amniotic 2 pRhMK 2 passage(s)	1740
CY020397.1	A/Albany/7/1967	H2N2	1967	Homo sapiens		USA: Albany County, NY	North America	Amniotic 2 pRhMK 3 passage(s)	1732
CY020549.1	A/Albany/8/1967	H2N2	1967	Homo sapiens		USA: Albany County, NY	North America	pRhMK 2 passage(s)	1733
CY020517.1	A/Albany/9/1967	H2N2	1967	Homo sapiens		USA: Albany County, NY	North America	Amniotic 2/pRhMK 4 passage(s)	1740
CY125838.1	A/Ann Arbor/7/1967	H2N2	1967	Homo sapiens		USA: Michigan, Ann Arbor	North America		1740
CY125918.1	A/Cornell/1001/1967	H2N2	1967	Homo sapiens		USA: New York, Ithaca	North America		1733
CY033980.1	A/Georgia/1/1967	H2N2	1967	Homo sapiens		USA: Georgia	North America		1732
CY032285.1	A/Johannesburg/617/1967	H2N2	1967	Homo sapiens		South Africa: Johannesburg	Africa		1711
CY125822.1	A/Montevideo/2208/1967	H2N2	1967	Homo sapiens		Uruguay: Montevideo	South America		1732
CY032277.1	A/Tashkent/1046/1967	H2N2	1967	Homo sapiens		Uzbekistan: Tashkent	Asia		1711
CY021021.1	A/Albany/1/1968	H2N2	1968	Homo sapiens		USA: Albany County, NY	North America	pRhMK 3 passage(s)	1733
CY020413.1	A/Albany/2/1968	H2N2	1968	Homo sapiens		USA: Albany County, NY	North America	pRhMK 2 passage(s)	1733
CY033473.1	A/Berkeley/1/1968	H2N2	1968	Homo sapiens		USA: Berkeley, CA	North America		1733
CY125846.1	A/Korea/426/1968	H2N2	1968	Homo sapiens		Korea	Asia		1734
CY036815.1	A/Korea/426/1968	H2N2	1968	Homo sapiens		South Korea	Asia	Egg passage(s)	1734
CY031595.1	A/Korea/426/1968	H2N2	1968	Homo sapiens		South Korea	Asia		1733
KP412319.1	A/Netherlands/61/1968	H2N2	1968	Homo sapiens		Netherlands	Europe		1689
KP098400.1	A/Victoria/5/1968	H2N2	1968	Homo sapiens		Australia	Oceania		1748
KM885174.1	A/Netherlands/B2/1968	H2N2	1968-02	Homo sapiens		Netherlands: Leiden or Rotterdam, South Holland	Europe		1743
KM402809.1	A/Netherlands/B1/1968	H2N2	1968-02-29	Homo sapiens		Netherlands: Rotterdam, South Holland	Europe		1773
CY014710.1	A/duck/Germany/1215/1973	H2N3	1973	Aves		Germany	Europe		1773
CY117235.1	A/mallard/Ontario/56/1976	H2N3	1976	Anas platyrhynchos		Canada: Ontario	North America	X passage(s)	1747
CY180508.1	A/mallard/Wisconsin/793/1976	H2N3	1976	Anas platyrhynchos		USA: DeSoto West, WI	North America		1747
EU742644.2	A/gull/MD/19/1977	H2N9	1977	Laridae		USA	North America		1739
CY005808.1	A/gull/MD/19/1977	H2N9	1977-04-04	Aves		USA: Maryland	North America		1772
CY117469.1	A/gull/Maryland/18/1977	H2N9	1977-08-01	Laridae		USA: Maryland	North America	EXE1 passage(s)	1747
CY003847.1	A/mallard/Alberta/77/1977	H2N3	1977-08-08	Aves		Canada: Alberta	North America		1772
CY003855.1	A/pintail/Alberta/293/1977	H2N9	1977-09-03	Aves		Canada: Alberta	North America		1772
KX879565.1	A/black duck/New Jersey/1580/1978	H2N3	1978	Anas platyrhynchos		USA	North America		1747
CY116891.1	A/duck/Hong Kong/273/1978	H2N2	1978	Anatidae		Hong Kong	Asia	X/E1 passage(s)	1746
CY005546.1	A/duck/Hong Kong/278/1978	H2N9	1978	Aves		Hong Kong: Hong Kong	Asia		1772
CY005538.1	A/duck/Hong Kong/319/1978	H2N2	1978	Aves		Hong Kong: Hong Kong	Asia		1771
CY117251.1	A/mallard/New York/66861/1978	H2N3	1978	Anas platyrhynchos		USA: New York	North America	X/E1 passage(s)	1747
CY116835.1	A/mallard/New York/6750/1978	H2N2	1978	Anas platyrhynchos		USA: New York	North America	EX/E1 passage(s)	1747
CY117243.1	A/black duck/New Jersey/1580/1978	H2N3	1978-02-04	Anas rubripes		USA: New Jersey	North America	X/E1 passage(s)	1747
CY120777.1	A/blue-winged teal/Alberta/604/1978	H2N3	1978-08-10	Spatula discors		Canada: Alberta	North America	E3 passage(s)	1747
CY117259.1	A/mallard/Alberta/309/1979	H2N3	1979-08-09	Anas platyrhynchos		Canada: Alberta	North America	X/E1 passage(s)	1747
CY117059.1	A/mallard/Berlin/452-6/1980	H2N3	1980	Anas platyrhynchos		Germany: Berlin	Europe	X/E1 passage(s)	1748
CY117067.1	A/mallard/Rugen/26-4/1980	H2N3	1980	Anas platyrhynchos		Germany: Rugen	Europe	X/E1 passage(s)	1748
CY117277.1	A/mallard/Alberta/202/1980	H2N3	1980-08-06	Anas platyrhynchos		Canada: Alberta	North America	X/E1 passage(s)	1747
CY117285.1	A/mallard/Alberta/207/1980	H2N3	1980-08-06	Anas platyrhynchos		Canada: Alberta	North America	P1/E1 passage(s)	1747
CY117293.1	A/pintail duck/Alberta/211/1980	H2N3	1980-08-06	Anas acuta		Canada: Alberta	North America	X/E1 passage(s)	1747
CY117301.1	A/mallard/Alberta/501/1980	H2N3	1980-08-20	Anas platyrhynchos		Canada: Alberta	North America	X/E1 passage(s)	1747
CY117309.1	A/mallard/Alberta/529/1980	H2N3	1980-08-21	Anas platyrhynchos		Canada: Alberta	North America	X/E1 passage(s)	1747
CY117317.1	A/mallard/Alberta/558/1980	H2N3	1980-08-21	Anas platyrhynchos		Canada: Alberta	North America	X/E1 passage(s)	1747
CY117325.1	A/mallard/Alberta/673/1980	H2N3	1980-08-23	Anas platyrhynchos		Canada: Alberta	North America	EXE1 passage(s)	1747
CY116759.1	A/duck/Rugen/78-6/1981	H2N3	1981	Anatidae		Germany: Rugen	Europe		1748
CY117107.1	A/duck/Rugen/79-6/1981	H2N3	1981	Anatidae		Germany: Rugen	Europe	X/E1 passage(s)	1748
CY117115.1	A/duck/Rugen/88-4/1981	H2N3	1981	Anatidae		Germany: Rugen	Europe	X/E1 passage(s)	1748
CY117123.1	A/duck/Rugen/88-6/1981	H2N3	1981	Anatidae		Germany: Rugen	Europe	X/E1 passage(s)	1748
CY117099.1	A/mallard/Stralsund/41-4/1981	H2N1	1981	Anas platyrhynchos		Germany: Stralsund	Europe	X/E1 passage(s)	1748
CY117091.1	A/mallard/Stralsund/41-6/1981	H2N1	1981	Anas platyrhynchos		Germany: Stralsund	Europe	P2/E1 passage(s)	1748
CY117083.1	A/mallard/Stralsund/45-6/1981	H2N3	1981	Anas platyrhynchos		Germany: Stralsund	Europe	X/E1 passage(s)	1748
CY117075.1	A/mallard/Stralsund/48-6/1981	H2N3	1981	Anas platyrhynchos		Germany: Stralsund	Europe	X/E1 passage(s)	1748
CY117131.1	A/mallard/Stralsund/55-4/1981	H2N3	1981	Anas platyrhynchos		Germany: Stralsund	Europe	P2/P3 passage(s)	1748
CY117139.1	A/mallard/Stralsund/55-6/1981	H2N3	1981	Anas platyrhynchos		Germany: Stralsund	Europe	P2/P3 passage(s)	1748
CY178735.1	A/mallard/Wisconsin/515/1981	H2N3	1981	Anas platyrhynchos		USA: Madison, WI	North America		1747
CY178470.1	A/mallard/Wisconsin/1120/1982	H2N3	1982	Anas platyrhynchos		USA: Madison, WI	North America		1747
CY178478.1	A/mallard/Wisconsin/1135/1982	H2N3	1982	Anas platyrhynchos		USA: Madison, WI	North America		1745
CY178615.1	A/mallard/Wisconsin/222/1982	H2N3	1982	Anas platyrhynchos		USA: Wisconsin	North America		1747
CY116963.1	A/chicken/Jena/4836/1983	H2N2	1983	Gallus gallus		Germany: Jena	Europe	EX/E1 passage(s)	1748
CY067272.1	A/mallard/Postdam/178-CIP046-qa6rnd2/1983	H2N2	1983	Anas platyrhynchos		Germany	Europe	6 serial lung passages in quail. Stock prepared in allantoic fluid E1 passage(s)	1689
CY116851.1	A/mallard/Potsdam/176/1983	H2N2	1983	Anas platyrhynchos		Germany: Potsdam	Europe	X/EXE1 passage(s)	1748
CY005765.1	A/mallard/Potsdam/177-4/1983	H2N2	1983	Aves		Germany: Potsdam	Europe		1773
CY116859.1	A/mallard/Potsdam/177-4/1983	H2N1	1983	Anas platyrhynchos		Germany: Potsdam	Europe	P2E1 passage(s)	1748
CY116867.1	A/mallard/Potsdam/177-6/1983	H2N2	1983	Anas platyrhynchos		Germany: Potsdam	Europe	X/E1 passage(s)	1748
CY116875.1	A/mallard/Potsdam/178-6/1983	H2N2	1983	Anas platyrhynchos		Germany: Potsdam	Europe	X/ passage(s)	1748
CY116883.1	A/mallard/Potsdam/179/1983	H2N2	1983	Anas platyrhynchos		Germany: Potsdam	Europe	X/E1 passage(s)	1748
CY178246.1	A/mallard/Wisconsin/647/1983	H2N1	1983	Anas platyrhynchos		USA: Wisconsin	North America		1747
CY116955.1	A/chicken/Jena/4705/1984	H2N2	1984	Gallus gallus		Germany: Jena	Europe	X/E1 passage(s)	1748
CY117341.1	A/mallard/Alberta/720/1984	H2N3	1984-08-09	Anas platyrhynchos		Canada: Alberta	North America	EXE1 passage(s)	1747
CY003871.1	A/mallard duck/ALB/884/1984	H2N5	1984-08-20	Aves		Canada: Alberta	North America		1772
CY117349.1	A/mallard/Alberta/856/1984	H2N3	1984-08-20	Anas platyrhynchos		Canada: Alberta	North America	EXE1 passage(s)	1747
CY117357.1	A/mallard/Alberta/881/1984	H2N3	1984-08-20	Anas platyrhynchos		Canada: Alberta	North America	P2 passage(s)	1747
CY117333.1	A/mallard/Pennsylvania/9001/1984	H2N6	1984-09-06	Anas platyrhynchos		USA: Pennsylvania	North America	EXE1 passage(s)	1747
CY117171.1	A/Peking duck/Heinersdorf/648-6/1985	H2N3	1985	Anas platyrhynchos		Germany: Heinersdorf	Europe	P2 passage(s)	1748
CY117155.1	A/Peking duck/Wagun/1688-4/1985	H2N3	1985	Anas platyrhynchos		Germany: Wagun	Europe	P3 passage(s)	1748
CY117147.1	A/Peking duck/Wagun/1689-4/1985	H2N3	1985	Anas platyrhynchos		Germany: Wagun	Europe	X passage(s)	1748
CY117163.1	A/Peking duck/Wagun/1689-6/1985	H2N3	1985	Anas platyrhynchos		Germany: Wagun	Europe	X/E1 passage(s)	1748
CY178511.1	A/duck/Wisconsin/2409/1985	H2N3	1985	Anatidae		USA: Madison, WI	North America		1747
CY178519.1	A/duck/Wisconsin/2420/1985	H2N1	1985	Anatidae		USA: Madison, WI	North America		1747
CY003863.1	A/laughing gull/NJ/75/1985	H2N9	1985-05-29	Aves		USA: New Jersey	North America		1772
CY003879.1	A/mallard duck/ALB/376/1985	H2N3	1985-08-18	Aves		Canada: Alberta	North America		1772
CY117179.1	A/Peking duck/Heinersdorf/648-4/1986	H2N3	1986	Anas platyrhynchos		Germany: Heinersdorf	Europe	X/E1 passage(s)	1748
CY021125.1	A/mallard/Ohio/37/1986	H2N1	1986	Anas platyrhynchos		USA: OH	North America	Egg 2 + limiting dilution in egg 3 passage(s)	1742
CY117227.1	A/swan/Maryland/206/1986	H2N7	1986-03-16	Anatidae		USA: Maryland	North America	EX/E1 passage(s)	1747
CY003922.1	A/laughing gull/NJ/798/1986	H2N7	1986-05-12	Aves		USA: New Jersey	North America		1772
CY101382.1	A/laughing gull/New Jersey/798/1986	H2N7	1986-05-12	Leucophaeus atricilla		USA: New Jersey	North America	E2 passage(s)	1747
CY003887.1	A/sanderling/NJ/766/1986	H2N7	1986-05-12	Aves		USA: New Jersey	North America		1772
CY117429.1	A/sanderling/New Jersey/756/1986	H2N7	1986-05-12	Calidris alba		USA: Delaware Bay, New Jersey	North America	P2 passage(s)	1747
CY117437.1	A/sanderling/New Jersey/766/1986	H2N7	1986-05-12	Calidris alba		USA: Delaware Bay, New Jersey	North America	P2 passage(s)	1747
CY117445.1	A/shorebird/New Jersey/845/1986	H2N7	1986-05-13	Aves		USA: Delaware Bay, New Jersey	North America	E2 passage(s)	1747
CY117453.1	A/herring gull/Delaware Bay/433/1986	H2N7	1986-06-01	Larus argentatus		USA: Delaware Bay, Delaware	North America	P3 passage(s)	1747
CY117461.1	A/shorebird/Delaware Bay/539/1986	H2N7	1986-06-01	Aves		USA: Delaware Bay, Delaware	North America	EX/E1 passage(s)	1747
CY017693.1	A/mallard/Ohio/30/1986	H2N1	1986-10-20	Anas platyrhynchos		USA: OH	North America	Egg 2/limiting dilution in egg 1 passage(s)	1732
CY018877.1	A/green-winged teal/Ohio/175/1986	H2N1	1986-11-06	Anas carolinensis		USA: OH	North America	Egg 2/limiting dilution in egg 1 passage(s)	1738
CY139721.1	A/blue-winged teal/Louisiana/42B/1987	H2N3	1987	Spatula discors		USA: Cameron Parish, LA	North America	E>2 passage(s)	1747
GU186622.2	A/herring gull/DE/677/1988	H2N8	1988	Larus argentatus		USA	North America		1748
CY101474.1	A/ruddy turnstone/Delaware/519/1988	H2N1	1988-05-15	Arenaria interpres		USA: Delaware	North America	EXE1 passage(s)	1748
CY004554.1	A/herring gull/DE/692/1988	H2N8	1988-05-16	Aves		USA: Delaware	North America		1773
CY003907.1	A/herring gull/DE/698/1988	H2N1	1988-05-16	Aves		USA: Delaware	North America		1773
CY003914.1	A/herring gull/DE/703/1988	H2N8	1988-05-16	Aves		USA: Delaware	North America		1773
CY014556.1	A/herring gull/Delaware/670/1988	H2N9	1988-05-16	Aves		USA: Delaware	North America		1773
CY003936.1	A/mallard duck/ALB/353/1988	H2N3	1988-09-03	Aves		Canada: Alberta	North America		1772
CY014558.1	A/mallard duck/Alberta/323/1988	H2N1	1988-09-03	Aves		Canada: Alberta	North America		1772
CY101547.1	A/mallard/Alberta/323/1988	H2N1	1988-09-03	Anas platyrhynchos		Canada: Alberta	North America	E2 passage(s)	1747
CY101555.1	A/mallard/Alberta/353/1988	H2N3	1988-09-03	Anas platyrhynchos		Canada: Alberta	North America	EX passage(s)	1747
CY117365.1	A/mallard/Alberta/356/1988	H2N3	1988-09-03	Anas platyrhynchos		Canada: Alberta	North America	EXE1 passage(s)	1747
CY116907.1	A/chicken/Connecticut/13657/1990	H2N2	1990-01-11	Gallus gallus		USA: Connecticut	North America	E3 passage(s)	1747
CY116915.1	A/avian/Massachusetts/25756/1990	H2N2	1990-04-03	Aves		USA: Massachusetts	North America	EX/P2E1 passage(s)	1747
CY116923.1	A/guinea fowl/New Jersey/26146/1990	H2N2	1990-04-05	Numididae		USA: New Jersey	North America	EX/P2E1 passage(s)	1747
CY117477.1	A/laughing gull/Delaware Bay/10/1990	H2N1	1990-04-18	Leucophaeus atricilla		USA: Delaware Bay, New Jersey	North America	E3 passage(s)	1748
CY005413.1	A/semi-palmated sandpiper/Brazil/43/1990	H2N1	1990-04-18	Aves		Brazil: Brazil	South America		1772
CY116931.1	A/chicken/Pennsylvania/24825/1991	H2N2	1991-04-12	Gallus gallus		USA: Pennsylvania	North America	E1/E2 passage(s)	1747
CY116939.1	A/chicken/New York/29878/1991	H2N2	1991-05-31	Gallus gallus		USA: New York	North America	E1/E3 passage(s)	1747
CY116947.1	A/guinea fowl/New Jersey/30701/1991	H2N2	1991-06-05	Numididae		USA: New Jersey	North America	E1/E2 passage(s)	1747
CY117485.1	A/ruddy turnstone/Delaware Bay/81/1993	H2N1	1993-05-15	Arenaria interpres		USA: Delaware Bay, New Jersey	North America	EXE1 passage(s)	1748
CY015135.1	A/ruddy turnstone/Delaware/34/1993	H2N1	1993-05-15	Aves		USA: Delaware	North America		1773
LC431476.1	A/duck/Alaska/5111/1994	H2N3	1994	Anseriformes		USA:Alaska	North America		1753
CY117493.1	A/laughing gull/Delaware Bay/34/1994	H2N3	1994-05-22	Leucophaeus atricilla		USA: Delaware Bay, New Jersey	North America	P2 passage(s)	1748
CY117501.1	A/ruddy turnstone/Delaware Bay/129/1994	H2N3	1994-05-22	Arenaria interpres		USA: Delaware Bay, New Jersey	North America	P1 passage(s)	1748
CY116791.1	A/ruddy turnstone/Delaware Bay/157/1994	H2N3	1994-05-22	Arenaria interpres		USA: Delaware Bay, New Jersey	North America	P1 passage(s)	1748
CY117509.1	A/ruddy turnstone/Delaware Bay/201/1994	H2N3	1994-05-22	Arenaria interpres		USA: Delaware Bay, New Jersey	North America	P6 passage(s)	1748
CY116971.1	A/chicken/New York/4438-3/1995	H2N2	1994-10-12	Gallus gallus		USA: New York	North America	X/E2 passage(s)	1747
CY117003.1	A/chicken/New Jersey/16264-16/1995	H2N2	1994-10-25	Gallus gallus		USA: New Jersey	North America	EX/E1 passage(s)	1722
CY116979.1	A/chicken/New Jersey/5404-1/1995	H2N2	1994-10-27	Gallus gallus		USA: New Jersey	North America	EX/E1 passage(s)	1747
CY117027.1	A/chicken/New Jersey/8695-5/1994	H2N2	1994-11-29	Gallus gallus		USA: New Jersey	North America	EX/E2 passage(s)	1722
CY117011.1	A/guinea fowl/New York/4449-12/1994	H2N2	1994-11-29	Numididae		USA: New York	North America	EX/E2 passage(s)	1722
CY117035.1	A/chicken/New Jersey/10977-2/1994	H2N2	1994-12-19	Gallus gallus		USA: New Jersey	North America	EX/E2 passage(s)	1722
CY117019.1	A/guinea fowl/New Jersey/7290-19/1994	H2N2	1994-12-19	Numididae		USA: New Jersey	North America	EX/E2 passage(s)	1722
CY042276.1	A/chicken/New Jersey/Sg-00268/1995(H2N2)	H2N2	1995	Gallus gallus		USA	North America		1727
CY014821.1	A/chicken/New York/13828-3/1995	H2N2	1995	Aves		USA: New York	North America		1772
CY042265.1	A/chicken/New York/Sg-00260/1995(H2N2)	H2N2	1995	Gallus gallus		USA	North America		1728
CY042273.1	A/duck/New Jersey/Sg-00266/1995(H2N2)	H2N2	1995	Anatidae		USA	North America		1706
CY042271.1	A/guinea fowl/New Jersey/Sg-00265/1995(H2N2)	H2N2	1995	Numididae		USA	North America		1703
CY014829.1	A/guinea fowl/New York/20221-11/1995	H2N2	1995	Aves		USA: New York	North America		1772
CY042266.1	A/guinea fowl/New York/Sg-00262/1995(H2N2)	H2N2	1995	Numididae		USA	North America		1707
CY042279.1	A/guinea fowl/New York/Sg-00272/1995(H2N2)	H2N2	1995	Numididae		USA	North America		1730
CY042286.1	A/guinea fowl/New York/Sg-00278/1995(H2N2)	H2N2	1995	Numididae		USA	North America		1734
CY117051.1	A/chicken/New Jersey/13839-17/1995	H2N2	1995-01-12	Gallus gallus		USA: New Jersey	North America	X/E1 passage(s)	1722
CY117043.1	A/guinea fowl/New York/13824/1995	H2N2	1995-01-18	Numididae		USA: New York	North America	X/E1 passage(s)	1722
CY116995.1	A/guinea fowl/New Jersey/14600-21/1995	H2N2	1995-01-19	Numididae		USA: New Jersey	North America	EX/E1 passage(s)	1722
CY117187.1	A/duck/Pennsylvania/9411697/1996	H2N3	1996	Anatidae		USA: Pennsylvania	North America	X passage(s)	1747
CY117219.1	A/silkie chicken/Pennsylvania/9600897/1996	H2N3	1996	Gallus gallus		USA: Pennsylvania	North America	P2 passage(s)	1747
CY003944.1	A/mallard/ALB/201/1996	H2N3	1996-08	Aves		Canada: Alberta	North America		1772
CY003952.1	A/mallard/Alberta/202/1996	H2N5	1996-08	Aves		Canada: Alberta	North America		1772
CY042290.1	A/chicken/New York/Sg-00300/1997(H2N2)	H2N2	1997	Gallus gallus		USA	North America		1716
CY042294.1	A/chicken/New York/Sg-00303/1997(H2N2)	H2N2	1997	Gallus gallus		USA	North America		1717
CY042292.1	A/guinea fowl/New York/Sg-00302/1997(H2N2)	H2N2	1997	Numididae		USA	North America		1704
CY102220.1	A/shorebird/Delaware Bay/111/1997	H2N1	1997-05-14	Aves		USA: Delaware Bay, New Jersey	North America	P1 passage(s)	1753
CY117517.1	A/shorebird/Delaware Bay/122/1997	H2N1	1997-05-14	Aves		USA: Delaware Bay, New Jersey	North America	P2 passage(s)	1753
CY117525.1	A/shorebird/Delaware Bay/138/1997	H2N1	1997-05-14	Aves		USA: Delaware Bay, New Jersey	North America	P2 passage(s)	1753
CY116811.1	A/shorebird/Delaware Bay/182/1997	H2N1	1997-05-14	Aves		USA: Delaware Bay, New Jersey	North America	E2 passage(s)	1749
CY117533.1	A/shorebird/Delaware Bay/185/1997	H2N1	1997-05-14	Aves		USA: Delaware Bay, New Jersey	North America	P1 passage(s)	1753
CY117541.1	A/shorebird/Delaware Bay/236/1997	H2N1	1997-05-14	Aves		USA: Delaware Bay, New Jersey	North America	P2 passage(s)	1753
CY102228.1	A/blue-winged teal/Alberta/16/1997	H2N9	1997-07-29	Spatula discors		Canada: Alberta	North America	P2 passage(s)	1747
CY116775.1	A/pintail/Alberta/22/1997	H2N9	1997-07-30	Anas acuta		Canada: Alberta	North America	E2 passage(s)	1747
CY003960.1	A/blue-winged teal/ALB/16/1997	H2N9	1997-10-24	Aves		Canada: Alberta	North America		1772
FJ357077.1	A/mallard/MN/14/1998	H2N3	1998	Anas platyrhynchos		USA	North America		1747
FJ357085.1	A/mallard/MN/51/1998	H2N3	1998	Anas platyrhynchos		USA	North America		1747
CY102260.1	A/ruddy turnstone/Delaware Bay/142/1998	H2N8	1998-05-18	Arenaria interpres		USA: Delaware Bay, New Jersey	North America	E2 passage(s)	1753
CY117549.1	A/shorebird/Delaware Bay/24/1998	H2N1	1998-05-18	Aves		USA: Delaware Bay, New Jersey	North America	P2 passage(s)	1753
CY102332.1	A/mallard/Alberta/205/1998	H2N3	1998-08-08	Anas platyrhynchos		Canada: Alberta	North America	P2 passage(s)	1747
CY003968.1	A/mallard/ALB/205/1998	H2N3	1998-08-11	Aves		Canada: Alberta	North America		1772
CY003976.1	A/mallard/ALB/226/1998	H2N3	1998-08-11	Aves		Canada: Alberta	North America		1772
CY139737.1	A/mallard/Minnesota/182714/1998	H2N3	1998-09-01	Anas platyrhynchos		USA: Roseau county, MN	North America	E2 passage(s)	1747
CY122244.1	A/mallard/Netherlands/11/1999	H2N9	1999	Anas platyrhynchos		Netherlands	Europe		1748
CY122252.1	A/mallard/Netherlands/12/1999	H2N9	1999	Anas platyrhynchos		Netherlands	Europe	E3 passage(s)	1748
CY121959.1	A/white fronted goose/Netherlands/22/1999	H2N2	1999	Anser albifrons		Netherlands	Europe	E3 passage(s)	1748
KF695193.1	A/whitefronted goose/Netherlands/22/1999	H2N2	1999-10-10	Anser albifrons		Netherlands: Groningen	Europe		1773
CY064950.1	A/mallard/Netherlands/5/1999	H2N9	1999-10-18	Anas platyrhynchos		Netherlands: Lekkerkerk	Europe		1771
KF258945.1	A/duck/Guangdong/707/2000	H2N9	2000	Anatidae		China	Asia		1689
FJ517267.1	A/mallard/MN/506/2000	H2N3	2000	Anas platyrhynchos		USA	North America		1747
CY117373.1	A/wild duck/Shantou/992/2000	H2N8	2000-01-01	Anatidae		China: Shantou	Asia	EX/E1 passage(s)	1748
CY117195.1	A/duck/Nanchang/2-0485/2000	H2N9	2000-02-17	Anatidae		China: Nanchang	Asia	X/E2 passage(s)	1748
CY014608.1	A/duck/Nanchang/2-0486/2000	H2N9	2000-02-17	Aves		China: Nanchang	Asia		1773
CY117203.1	A/duck/Nanchang/2-0492/2000	H2N9	2000-02-17	Anatidae		China: Nanchang	Asia	X/E3 passage(s)	1748
CY014609.1	A/duck/Nanchang/4-184/2000	H2N9	2000-04-12	Aves		China: Nanchang	Asia		1773
CY117211.1	A/duck/Nanchang/4-190/2000	H2N9	2000-04-12	Anatidae		China: Nanchang	Asia	X/E2 passage(s)	1748
GQ257495.1	A/mallard/Maryland/235/2001	H2N3	2001	Anas platyrhynchos		USA	North America		1742
GU053521.1	A/mallard/Maryland/242/2001	H2N2	2001	Anas platyrhynchos		USA	North America		1747
CY121999.1	A/mallard/Netherlands/13/2001	H2N9	2001	Anas platyrhynchos		Netherlands	Europe	E1 passage(s)	1748
CY121991.1	A/mallard/Netherlands/14/2001	H2N3	2001	Anas platyrhynchos		Netherlands	Europe	E2 passage(s)	1748
FJ686762.1		H2N3	2001	Anas platyrhynchos		USA	North America		1744
FJ686778.1		H2N3	2001	Anas platyrhynchos		USA	North America		1741
FJ686754.1		H2N3	2001	Anas platyrhynchos		USA	North America		1747
FJ686786.1		H2N3	2001	Anas platyrhynchos		USA	North America		1743
FJ686770.1		H2N3	2001	Anas platyrhynchos		USA	North America		1744
FJ686746.1		H2N3	2001	Anas platyrhynchos		USA	North America		1747
CY117381.1	A/mallard/Alberta/33/2001	H2N1	2001-07-27	Anas platyrhynchos		Canada: Alberta	North America	E2 passage(s)	1747
LC371810.1	A/duck/Hokkaido/17/2001	H2N3	2001-10-05	Anseriformes		Japan: Hokkaido	Asia		1758
LC371842.1	A/duck/Hokkaido/95/2001	H2N2	2001-10-06	Anseriformes		Japan: Hokkaido	Asia		1758
CY122031.1	A/mallard/Sweden/109/2002	H2N7	2002	Anas platyrhynchos		Sweden	Europe	E1 passage(s)	1738
CY122039.1	A/mallard/Sweden/111/2002	H2N7	2002	Anas platyrhynchos		Sweden	Europe	E2 passage(s)	1738
CY122047.1	A/mallard/Sweden/112/2002	H2N7	2002	Anas platyrhynchos		Sweden	Europe	E2 passage(s)	1738
CY122059.1	A/mallard/Sweden/113/2002	H2N1	2002	Anas platyrhynchos		Sweden	Europe	E1 passage(s)	1738
CY122067.1	A/mallard/Sweden/30/2002	H2N5	2002	Anas platyrhynchos		Sweden	Europe	E2 passage(s)	1748
CY122075.1	A/mallard/Sweden/32/2002	H2N3	2002	Anas platyrhynchos		Sweden	Europe	E2 passage(s)	1748
CY122083.1	A/mallard/Sweden/33/2002	H2N3	2002	Anas platyrhynchos		Sweden	Europe	E2 passage(s)	1748
CY122091.1	A/mallard/Sweden/57/2002	H2N3	2002	Anas platyrhynchos		Sweden	Europe	E1 passage(s)	1748
CY122007.1	A/mallard/Sweden/6/2002	H2N3	2002	Anas platyrhynchos		Sweden	Europe	E1 passage(s)	1748
CY122093.1	A/mallard/Sweden/70/2002	H2N3	2002	Anas platyrhynchos		Sweden	Europe	E1 passage(s)	1738
CY122015.1	A/mallard/Sweden/88/2002	H2N1	2002	Anas platyrhynchos		Sweden	Europe	E1 passage(s)	1738
CY122023.1	A/mallard/Sweden/99/2002	H2N3	2002	Anas platyrhynchos		Sweden	Europe	E1 passage(s)	1731
CY060366.1	A/mallard/Sweden/6/2002	H2N3	2002-10-25	Anas platyrhynchos		Sweden: Ottenby	Europe		1760
CY060396.1	A/mallard/Sweden/88/2002	H2N1	2002-12-09	Anas platyrhynchos		Sweden: Ottenby	Europe		1742
GQ257503.1	A/mallard/Maryland/320/2003	H2N3	2003	Anas platyrhynchos		USA	North America		1743
GU053513.1	A/mallard/Maryland/324/2003	H2N3	2003	Anas platyrhynchos		USA	North America		1747
GQ257511.1	A/mallard/Maryland/333/2003	H2N3	2003	Anas platyrhynchos		USA	North America		1743
GQ257519.1	A/mallard/Maryland/338/2003	H2N3	2003	Anas platyrhynchos		USA	North America		1744
CY122115.1	A/mallard/Sweden/12/2003	H2N3	2003	Anas platyrhynchos		Sweden	Europe	E1 passage(s)	1748
CY122147.1	A/mallard/Sweden/53/2003	H2N3	2003	Anas platyrhynchos		Sweden	Europe	E2 passage(s)	1748
CY121897.1	A/mallard/Sweden/6/2003	H2N3	2003	Anas platyrhynchos		Sweden	Europe		1689
CY122123.1	A/mallard/Sweden/81/2003	H2N3	2003	Anas platyrhynchos		Sweden	Europe	E1 passage(s)	1748
CY122131.1	A/mallard/Sweden/84/2003	H2N3	2003	Anas platyrhynchos		Sweden	Europe	E1 passage(s)	1748
CY122139.1	A/mallard/Sweden/9/2003	H2N7	2003	Anas platyrhynchos		Sweden	Europe	E2 passage(s)	1748
CY122107.1	A/northern pintail/Sweden/1/2003	H2N3	2003	Anas acuta		Sweden	Europe	E1 passage(s)	1748
FJ686794.1		H2N3	2003	Anas platyrhynchos		USA	North America		1742
FJ686810.1		H2N3	2003	Anas platyrhynchos		USA	North America		1743
FJ686730.1		H2N1	2003	Anas platyrhynchos		USA	North America		1747
FJ686698.1		H2N3	2003	Anas platyrhynchos		USA	North America		1747
FJ686722.1		H2N1	2003	Anas platyrhynchos		USA	North America		1747
FJ686802.1		H2N3	2003	Anas platyrhynchos		USA	North America		1743
FJ686706.1		H2N3	2003	Anas platyrhynchos		USA	North America		1747
FJ686714.1		H2N1	2003	Anas platyrhynchos		USA	North America		1747
CY003992.1	A/mallard/Alberta/79/2003	H2N3	2003-08-01	Aves		Canada: Alberta	North America		1772
LC041993.3	A/duck/Mongolia/210/2003	H2N3	2003-09-17	Anseriformes		Mongolia	Asia		1711
CY036573.1	A/avian/New York/Sg-00425/2004	H2N2	2004	Aves		USA	North America		1724
EU735810.2	A/chicken/PA/298101-4/2004	H2N2	2004	Gallus gallus		USA	North America		1740
CY036576.1	A/chicken/Pennsylvania/Sg-00426/2004(H2N2)	H2N2	2004	Gallus gallus		USA	North America		1703
CY036580.1	A/chicken/Pennsylvania/Sg-00427/2004(H2N2)	H2N2	2004	Gallus gallus		USA	North America		1701
CY117389.1	A/mallard/Alberta/242/2004	H2N3	2004-08-15	Anas platyrhynchos		Canada: Alberta	North America	E2 passage(s)	1747
CY122220.1	A/mallard/Sweden/103/2005	H2N9	2005	Anas platyrhynchos		Sweden	Europe	E1 passage(s)	1748
CY122228.1	A/mallard/Sweden/107/2005	H2N3	2005	Anas platyrhynchos		Sweden	Europe	E1 passage(s)	1748
CY122155.1	A/mallard/Sweden/43/2005	H2N9	2005	Anas platyrhynchos		Sweden	Europe	E2 passage(s)	1748
CY041330.2	A/mallard/Sweden/45/2005	H2N3	2005	Anas platyrhynchos		Sweden	Europe	E1 passage(s)	1731
CY122163.1	A/mallard/Sweden/49/2005	H2N9	2005	Anas platyrhynchos		Sweden	Europe	E3 passage(s)	1748
CY122236.1	A/mallard/Sweden/5/2005	H2N3	2005	Anas platyrhynchos		Sweden	Europe	E1 passage(s)	1748
CY122171.1	A/mallard/Sweden/51/2005	H2N3	2005	Anas platyrhynchos		Sweden	Europe	E1 passage(s)	1731
CY122188.1	A/mallard/Sweden/72/2005	H2N9	2005	Anas platyrhynchos		Sweden	Europe	E1 passage(s)	1748
CY122196.1	A/mallard/Sweden/73/2005	H2N3	2005	Anas platyrhynchos		Sweden	Europe	E2 passage(s)	1748
CY122204.1	A/mallard/Sweden/91/2005	H2N9	2005	Anas platyrhynchos		Sweden	Europe	E2 passage(s)	1748
CY122212.1	A/mallard/Sweden/93/2005	H2N3	2005	Anas platyrhynchos		Sweden	Europe	E2 passage(s)	1748
OR950236.1	A/duck/Taipei/05WB01-551-12/2005	H2N7	2005-01-12	Anatidae		Taiwan: Taipei	Asia		1773
CY095172.1	A/environment/New York/46614-2/2005	H2N3	2005-04-19			USA: New York	North America	Egg p1 passage(s)	1711
LC339659.1	A/duck/Hokkaido/W259/2005	H2N5	2005-11-11	Anseriformes		Japan:Hokkaido	Asia		1753
AB669133.1	A/duck/Tsukuba/1/2006(H2N2)	H2N2	2006	Anas platyrhynchos		Japan:Ibaraki, Kasumigaura Lake	Asia		1689
CY139945.1	A/mallard/Minnesota/AI06-1003/2006	H2N5	2006	Anas platyrhynchos		USA: Thief Lake, Marshall county, MN	North America	E2 passage(s)	1746
CY139953.1	A/mallard/Minnesota/AI06-1029/2006	H2N3	2006	Anas platyrhynchos		USA: Agassiz NWR, Marshall county, MN	North America	E2 passage(s)	1747
CY041226.1	A/mallard/Netherlands/31/2006	H2N2	2006	Anas platyrhynchos		Netherlands	Europe	E1 passage(s)	1711
CY121967.1	A/mallard/Netherlands/31/2006	H2N2	2006	Anas platyrhynchos		Netherlands	Europe	E2 passage(s)	1711
EU258939.1	A/swine/Missouri/2124514/2006	H2N3	2006	Sus scrofa		USA: Missouri	North America		1805
EU258943.1	A/swine/Missouri/4296424/2006	H2N3	2006	Sus scrofa		USA: Missouri	North America		1780
JX080747.1	A/emperor goose/Alaska/44063-066/2006	H2N5	2006-05-23	Anser canagicus		USA: AK	North America		1716
JX080749.1	A/emperor goose/Alaska/44063-145/2006	H2N1	2006-05-23	Anser canagicus		USA: AK	North America		1715
EU557522.1	A/northern pintail/Alaska/44183-123/2006	H2N3	2006-08-10	Anas acuta		USA: AK	North America		1689
CY078579.1	A/northern pintail/Interior Alaska/6MP0792/2006	H2N3	2006-08-10	Anas acuta		USA: Minto Flats, Interior Alaska	North America	E 1 passage(s)	1689
CY078691.1	A/mallard/Interior Alaska/6MP0038BR2/2006	H2N3	2006-08-11	Anas platyrhynchos		USA: Minto Flats, Interior Alaska	North America	E 3 passage(s)	1689
CY045279.1	A/mallard/Quebec/10969/2006	H2N3	2006-08-18	Anas platyrhynchos		Canada: Quebec	North America	Egg 2 passage(s)	1711
CY045287.1	A/mallard/Quebec/11063/2006	H2N3	2006-08-19	Anas platyrhynchos		Canada: Quebec	North America	Egg 2 passage(s)	1715
CY121927.1	A/mallard/Sweden/58112/2006	H2N2	2006-11-02	Anas platyrhynchos		Sweden	Europe	E1 passage(s)	1711
CY121935.1	A/mallard/Sweden/58451/2006	H2N2	2006-11-05	Anas platyrhynchos		Sweden	Europe	E1 passage(s)	1711
GQ415319.1	A/mallard/Switzerland/WV4060057/2006	H2N8	2006-11-17	Anas platyrhynchos		Switzerland	Europe		1689
CY076840.1	A/bufflehead/California/JN1016/2006	H2N9	2006-12-06	Bucephala albeola		USA: Gridley, CA	North America	egg 2 passage(s)	1747
CY076800.1	A/northern shoveler/California/JN586/2006	H2N9	2006-12-06	Spatula clypeata		USA: Gridley, CA	North America	egg 2 passage(s)	1747
MW547659.1	A/aquatic bird/Seosan/118/2006	H2N9	2006-12-08	Aves		South Korea: Seosan	Asia		1689
CY190339.1	A/mallard/Maryland/06OS2460/2006	H2N2	2006-12-15	Anas platyrhynchos		USA: Maryland	North America	Egg 1 passage(s)	1747
CY041234.1	A/mallard/Netherlands/14/2007	H2N2	2007	Anas platyrhynchos		Netherlands	Europe	E1 passage(s)	1731
CY121975.1	A/mallard/Netherlands/14/2007	H2N2	2007	Anas platyrhynchos		Netherlands	Europe	E2 passage(s)	1731
MW547658.1	A/aquatic bird/Cheongju/180/2007	H2N4	2007-01-05	Aves		South Korea: Cheongju	Asia		1701
JF327335.1	A/chicken/OH/494832/2007	H2N3	2007-04	Gallus gallus		USA	North America		1769
JF327327.1	A/duck/OH/492493/2007	H2N3	2007-04	Anatidae		USA	North America		1769
JX080765.1	A/lesser snow goose/Alaska/44301-116/2007	H2N3	2007-05-07	Anser caerulescens		USA: AK	North America		1714
CY116783.1	A/mallard/Alberta/297/2007	H2N9	2007-08-04	Anas platyrhynchos		Canada: Alberta	North America	E1 passage(s)	1747
CY121951.1	A/mallard/Sweden/68597/2007	H2N2	2007-10-19	Anas platyrhynchos		Sweden	Europe	E1 passage(s)	1748
CY121943.1	A/mallard/Sweden/68735/2007	H2N2	2007-10-22	Anas platyrhynchos		Sweden	Europe	E1 passage(s)	1748
CY094365.1	A/northern shoveler/California/HKWF1128C/2007	H2N7	2007-12-02	Spatula clypeata		USA: California	North America		1747
CY033340.1	A/northern shoveler/California/HKWF1128/2007(H2N7)	H2N7	2007-12-07	Spatula clypeata		USA: Sacramento Natl. Wildlife Refuge, Glenn County	North America	Embryonated Chicken Eggs passage(s)	1772
CY122284.1	A/common teal/Netherlands/2/2008	H2N3	2008	Anas crecca		Netherlands	Europe	E1 passage(s)	1748
CY122300.1	A/mallard/Netherlands/12/2008	H2N3	2008	Anas platyrhynchos		Netherlands	Europe	E1 passage(s)	1748
CY122268.1	A/mallard/Netherlands/37/2008	H2N3	2008	Anas platyrhynchos		Netherlands	Europe	E2 passage(s)	1748
CY122276.1	A/mallard/Netherlands/58/2008	H2N3	2008	Anas platyrhynchos		Netherlands	Europe	E1 passage(s)	1748
CY140326.1	A/mallard/Minnesota/Sg-00692/2008	H2N3	2008-08-01	Anas platyrhynchos		USA: Roseau Pool#1, Roseau county, MN	North America	E1 passage(s)	1747
CY141160.1	A/mallard/Minnesota/AI08-3437/2008	H2N3	2008-08-02	Anas platyrhynchos		USA: Roseau River, Roseau county, MN	North America	E2 passage(s)	1747
CY140188.1	A/mallard/Minnesota/Sg-00782/2008	H2N3	2008-08-02	Anas platyrhynchos		USA: Roseau River, Roseau county, MN	North America	E1 passage(s)	1747
KF501081.1	A/ruddy shelduck/Mongolia/686C2/2008	H2N3	2008-08-03	Tadorna ferruginea		Mongolia	Asia		1703
CY039684.1	A/env/California/7279/2008(H2N3)	H2N3	2008-08-18			USA	North America	Embryonated Chicken Eggs passage(s)	1772
CY039692.1	A/env/California/7286/2008(H2N3)	H2N3	2008-08-18			USA	North America	Embryonated Chicken Eggs passage(s)	1772
CY039700.1	A/env/California/7303/2008(H2N3)	H2N3	2008-08-18			USA	North America	Embryonated Chicken Eggs passage(s)	1772
CY039707.1	A/env/California/7313/2008(H2N3)	H2N3	2008-08-18			USA	North America	Embryonated Chicken Eggs passage(s)	1772
CY039715.1	A/env/California/7335/2008(H2N3)	H2N3	2008-08-18			USA	North America	Embryonated Chicken Eggs passage(s)	1772
HM589205.1	A/turkey/CA/1797/2008	H2N8	2008-09	Meleagris gallopavo		USA	North America		1689
CY141168.1	A/mallard/Minnesota/AI08-3881/2008	H2N2	2008-09-03	Anas platyrhynchos		USA: Agassiz NWR, Tamarac Pool, Marshall county, MN	North America	E2 passage(s)	1747
CY079476.1	A/mallard/Wisconsin/08OS2841/2008	H2N3	2008-10-31	Anas platyrhynchos		USA: Wisconsin	North America	E1 passage(s)	1747
CY079492.1	A/mallard/Wisconsin/08OS2844/2008	H2N3	2008-10-31	Anas platyrhynchos		USA: Wisconsin	North America	E1 passage(s)	1747
CY079364.1	A/American green-winged teal/Wisconsin/08OS3469/2008	H2N9	2008-11-16	Anas carolinensis		USA: Wisconsin	North America	E1 passage(s)	1747
KC899732.1	A/wild duck/SH17-1/2008	H2N3	2008-12	Anas platyrhynchos		South Korea	Asia		1689
KC899733.1	A/wild duck/SH17-34/2008	H2N3	2008-12	Anas platyrhynchos		South Korea	Asia		1689
MW547657.1	A/aquatic bird/Jeonju/385/2009	H2N3	2009-02-13	Aves		South Korea: Jeonju	Asia		1731
KC790331.1	A/environment/Guangdong/2/2009	H2N3	2009-03-31			China	Asia		1707
CY117405.1	A/mallard/Alberta/35/2009	H2N3	2009-08-19	Anas platyrhynchos		Canada: Alberta	North America	E2 passage(s)	1747
CY117397.1	A/mallard/Alberta/289/2009	H2N9	2009-08-20	Anas platyrhynchos		Canada: Alberta	North America	E1 passage(s)	1747
CY117413.1	A/mallard/Alberta/319/2009	H2N3	2009-08-22	Anas platyrhynchos		Canada: Alberta	North America	E2 passage(s)	1747
CY103519.1	A/mallard/Alberta/417/2009	H2N3	2009-08-22	Anas platyrhynchos		Canada: Alberta	North America	E1 passage(s)	1747
CY117421.1	A/mallard/Alberta/419/2009	H2N3	2009-08-22	Anas platyrhynchos		Canada: Alberta	North America	E2 passage(s)	1747
CY103527.1	A/mallard/Alberta/421/2009	H2N3	2009-08-22	Anas platyrhynchos		Canada: Alberta	North America	E1 passage(s)	1747
CY140719.1	A/mallard/Minnesota/AI09-2518/2009	H2N3	2009-09-06	Anas platyrhynchos		USA: Thief Lake, River Site, Marshall county, MN	North America	E1 passage(s)	1747
CY140828.1	A/mallard/Minnesota/AI09-3353/2009	H2N9	2009-09-09	Anas platyrhynchos		USA: Roseau River Peninsula, Roseau county, MN	North America	E1 passage(s)	1747
CY097334.1	A/mallard/Wisconsin/2560/2009	H2N3	2009-10-05	Anas platyrhynchos		USA: Wisconsin	North America	E1 passage(s)	1747
CY096994.1	A/blue-winged teal/Wisconsin/2572/2009	H2N3	2009-10-06	Spatula discors		USA: Wisconsin	North America	E1 passage(s)	1747
CY097203.1	A/American green-winged teal/Illinois/2479/2009	H2N3	2009-10-17	Anas carolinensis		USA: Illinois	North America	E1 passage(s)	1747
CY097374.1	A/mallard/Wisconsin/2785/2009	H2N3	2009-10-31	Anas platyrhynchos		USA: Wisconsin	North America	E1 passage(s)	1747
CY184253.1	A/mallard/Sweden/101120/2009	H2N9	2009-11-04	Anas platyrhynchos		Sweden: Ottenby	Europe	egg passage(s)	1748
CY184197.1	A/mallard/Sweden/101993/2009	H2N9	2009-11-16	Anas platyrhynchos		Sweden: Ottenby	Europe	egg passage(s)	1748
KC342630.2	A/mallard/Sweden/105050/2009	H2N3	2009-11-26	Anas platyrhynchos		Sweden: Ottenby	Europe		1734
CY097598.1	A/mallard/Missouri/132/2009	H2N3	2009-12-07	Anas platyrhynchos		USA: Missouri	North America	E1 passage(s)	1747
CY141017.1	A/mallard/Arkansas/AI09-5761/2009	H2N3	2009-12-11	Anas platyrhynchos		USA: Arkansas county, AK	North America	E2 passage(s)	1747
CY122308.1	A/mallard/Netherlands/1/2010	H2N3	2010	Anas platyrhynchos		Netherlands	Europe	E1 passage(s)	1748
CY122292.1	A/mallard/Netherlands/29/2010	H2N3	2010	Anas platyrhynchos		Netherlands	Europe	E1 passage(s)	1748
CY121983.1	A/northern shoveler/Georgia/1/2010	H2N3	2010	Spatula clypeata		Georgia	Asia	E1 passage(s)	1711
KF258948.1	A/northern shoveler/Hong Kong/MPL133/2010	H2N9	2010	Spatula clypeata		China	Asia		1689
CY204987.1	A/mallard/Maryland/10OS064/2010	H2N3	2010-01-27	Anas platyrhynchos		USA: Maryland	North America	Egg1 passage(s)	1747
CY202834.1	A/mallard/Maryland/10OS108/2010	H2N3	2010-01-29	Anas platyrhynchos		USA: MD	North America	egg 1 passage(s)	1747
CY202842.1	A/mallard/Maryland/10OS110/2010	H2N3	2010-01-29	Anas platyrhynchos		USA: MD	North America	egg 1 passage(s)	1747
CY202858.1	A/mallard/Maryland/10OS118/2010	H2N3	2010-01-29	Anas platyrhynchos		USA: MD	North America	egg 1 passage(s)	1747
CY202866.1	A/mallard/Maryland/10OS121/2010	H2N3	2010-01-29	Anas platyrhynchos		USA: MD	North America	egg 1 passage(s)	1747
KC899734.1	A/wild duck/SH38-26/2010	H2N8	2010-03	Anas platyrhynchos		South Korea	Asia		1689
KC899735.1	A/wild duck/SH38-28/2010	H2N8	2010-03	Anas platyrhynchos		South Korea	Asia		1689
KC899736.1	A/wild duck/SH38-51/2010	H2N8	2010-03	Anas platyrhynchos		South Korea	Asia		1689
KC899737.1	A/wild duck/SH38-56/2010	H2N8	2010-03	Anas platyrhynchos		South Korea	Asia		1689
KC899738.1	A/wild duck/SH38-60/2010	H2N8	2010-03	Anas platyrhynchos		South Korea	Asia		1689
KC899739.1	A/wild duck/SH38-64/2010	H2N8	2010-03	Anas platyrhynchos		South Korea	Asia		1689
MH501233.1	A/ruddy turnstone/Delaware/AI10-1106/2010	H2N3	2010-05-25	Arenaria interpres		USA: Delaware	North America		1747
MH501497.1	A/ruddy turnstone/New Jersey/AI10-634/2010	H2N9	2010-05-26	Arenaria interpres		USA: New Jersey	North America		1747
KF501069.1	A/mallard/Mongolia/651/2010	H2N3	2010-06-22	Anas platyrhynchos		Mongolia	Asia		1707
CY120563.1	A/mallard/California/1438/2010	H2N3	2010-08-09	Anas platyrhynchos		USA: San Joaquin County, CA	North America	E1 passage(s)	1747
CY133448.1	A/mallard/Iowa/10OS2721/2010	H2N2	2010-10-16	Anas platyrhynchos		USA: Iowa	North America	E1 passage(s)	1747
CY133456.1	A/American wigeon/Iowa/10OS2748/2010	H2N2	2010-10-17	Mareca americana		USA: Iowa	North America	E1 passage(s)	1747
CY132989.1	A/American green-winged teal/Illinois/10OS3343/2010	H2N3	2010-10-30	Anas carolinensis		USA: Illinois	North America	E1 passage(s)	1747
LC042006.2	A/duck/Hokkaido/W163/2010	H2N3	2010-11-11	Anseriformes		Japan	Asia		1710
KF258947.1	A/northern shoveler/Hong Kong/MPL961/2011	H2N9	2011	Spatula clypeata		China	Asia		1689
KF258946.1	A/wild waterfowl/Hong Kong/MPL696/2011	H2N9	2011	Anatidae		China	Asia		1689
CY205019.1	A/mallard/Maryland/11OS3856/2011	H2N2	2011-01-16	Anas platyrhynchos		USA: Maryland	North America	Egg1 passage(s)	1747
CY205027.1	A/mallard/Maryland/11OS3951/2011	H2N2	2011-01-27	Anas platyrhynchos		USA: Maryland	North America	Egg1 passage(s)	1747
CY196700.1	A/goose/Interior Alaska/11PG00437/2011	H2N3	2011-07-20	Anser sp.		USA: Interior Alaska	North America	Egg passage(s)	1747
CY196708.1	A/duck/Interior Alaska/11PG00451/2011	H2N3	2011-07-25	Anas platyrhynchos		USA: Interior Alaska	North America	Egg passage(s)	1747
CY196716.1	A/duck/Interior Alaska/11PG00459/2011	H2N3	2011-07-25	Anas platyrhynchos		USA: Interior Alaska	North America	Egg passage(s)	1747
CY205043.1	A/mallard/Maryland/11OS1804/2011	H2N3	2011-08-12	Anas platyrhynchos		USA: Maryland	North America	Egg1 passage(s)	1747
CY205051.1	A/mallard/Maryland/11OS1809/2011	H2N3	2011-08-12	Anas platyrhynchos		USA: Maryland	North America	Egg1 passage(s)	1747
CY205059.1	A/mallard/Maryland/11OS1826/2011	H2N3	2011-08-12	Anas platyrhynchos		USA: Maryland	North America	Egg1 passage(s)	1747
CY205067.1	A/mallard/Maryland/11OS1831/2011	H2N3	2011-08-12	Anas platyrhynchos		USA: Maryland	North America	Egg1 passage(s)	1747
CY205075.1	A/mallard/Maryland/11OS1832/2011	H2N3	2011-08-12	Anas platyrhynchos		USA: Maryland	North America	Egg1 passage(s)	1747
CY196121.1	A/mallard/Interior Alaska/11BM02987/2011	H2N6	2011-08-14	Anas platyrhynchos		USA: Interior Alaska	North America	Egg passage(s)	1747
CY196145.1	A/American green-winged teal/Interior Alaska/11BM03165/2011	H2N9	2011-08-15	Anas carolinensis		USA: Interior Alaska	North America	Egg passage(s)	1747
CY196153.1	A/American green-winged teal/Interior Alaska/11BM03166/2011	H2N9	2011-08-15	Anas carolinensis		USA: Interior Alaska	North America	Egg passage(s)	1747
CY132277.1	A/mallard/Ohio/11OS2149/2011	H2N3	2011-08-15	Anas platyrhynchos		USA: Ohio	North America	E1 passage(s)	1747
CY149636.1	A/white-rumped sandpiper/Canada/2541/2011	H2N5	2011-08-17	Calidris fuscicollis		Canada: Quebec	North America	egg passage(s)	1747
CY196161.1	A/mallard/Interior Alaska/11BM03436/2011	H2N9	2011-08-18	Anas platyrhynchos		USA: Interior Alaska	North America	Egg passage(s)	1747
CY196194.1	A/mallard/Interior Alaska/11BM03591/2011	H2N9	2011-08-20	Anas platyrhynchos		USA: Interior Alaska	North America	Egg passage(s)	1747
CY196202.1	A/mallard/Interior Alaska/11BM03593/2011	H2N9	2011-08-20	Anas platyrhynchos		USA: Interior Alaska	North America	Egg passage(s)	1747
CY196318.1	A/mallard/Interior Alaska/11BM03913/2011	H2N9	2011-09-04	Anas platyrhynchos		USA: Interior Alaska	North America	Egg passage(s)	1747
CY196667.1	A/mallard/Interior Alaska/11ML00069/2011	H2N3	2011-09-24	Anas platyrhynchos		USA: Interior Alaska	North America	Egg passage(s)	1747
MF147776.1	A/mallard duck/Netherlands/24/2011	H2N3	2011-10-03	Anas platyrhynchos		Netherlands	Europe		1773
MF146986.1	A/mallard duck/Netherlands/25/2011	H2N3	2011-10-05	Anas platyrhynchos		Netherlands	Europe		1773
CY149364.1	A/Iceland gull/Iceland/1124/2011	H2N5	2011-10-16	Larus glaucoides		Iceland	Europe	egg passage(s)	1747
CY166672.1	A/mallard/Wisconsin/11OS3468/2011	H2N3	2011-10-16	Anas platyrhynchos		USA: Wisconsin	North America	Egg 1 passage(s)	1747
CY149372.1	A/herring gull/Iceland/1320/2011	H2N5	2011-10-23	Larus argentatus		Iceland	Europe	egg passage(s)	1747
MF147519.1	A/mallard duck/Netherlands/33/2011	H2N2	2011-10-24	Anas platyrhynchos		Netherlands	Europe		1773
CY149396.1	A/glaucous gull/Iceland/1382/2011	H2N5	2011-10-25	Larus hyperboreus		Iceland	Europe	egg passage(s)	1747
CY149404.1	A/great black-backed gull/Iceland/1393/2011	H2N5	2011-10-25	Larus marinus		Iceland	Europe	egg passage(s)	1747
CY149420.1	A/great black-backed gull/Iceland/1395/2011	H2N5	2011-10-25	Larus marinus		Iceland	Europe	egg passage(s)	1747
CY149380.1	A/herring gull/Iceland/1342/2011	H2N5	2011-10-25	Larus argentatus		Iceland	Europe	egg passage(s)	1747
CY149388.1	A/herring gull/Iceland/1359/2011	H2N5	2011-10-25	Larus argentatus		Iceland	Europe	egg passage(s)	1747
CY149412.1	A/herring gull/Iceland/1394/2011	H2N5	2011-10-25	Larus argentatus		Iceland	Europe	egg passage(s)	1747
CY149436.1	A/glaucous gull/Iceland/1444/2011	H2N5	2011-10-29	Larus hyperboreus		Iceland	Europe	egg passage(s)	1747
CY149428.1	A/herring gull/Iceland/1436/2011	H2N5	2011-10-29	Larus argentatus		Iceland	Europe	egg passage(s)	1747
CY167003.1	A/mallard/Illinois/11OS4420/2011	H2N3	2011-11-13	Anas platyrhynchos		USA: Illinois	North America	Egg 1 passage(s)	1747
MW133005.1	A/White-fronted Goose/Ukraine/Kurganskoe-2-16-11/2011	H2N3	2011-11-16	Anser albifrons		Ukraine	Europe		1739
MW133963.1	A/Shelduck/Ukraine/Medvedivka-6-03-12/2011	H2N3	2011-12-03	Tadorna		Ukraine	Europe		1741
CY134327.1	A/mallard/California/2961/2011	H2N3	2011-12-03	Anas platyrhynchos		USA: Solano County, CA	North America	E1 passage(s)	1747
CY185697.1	A/black-headed gull/Republic of Georgia/8/2012	H2N7	2012-01-02	Chroicocephalus ridibundus		Georgia: Guria	Asia	E1 passage(s)	1711
CY191011.1	A/mallard/Maryland/11OS3829/2012	H2N2	2012-01-16	Anas platyrhynchos		USA: Maryland	North America	Egg 1 passage(s)	1747
CY191019.1	A/mallard/Maryland/11OS3833/2012	H2N1	2012-01-16	Anas platyrhynchos		USA: Maryland	North America	Egg 1 passage(s)	1747
CY191027.1	A/American black duck/Maryland/11OS3898/2012	H2N1	2012-01-17	Anas rubripes		USA: Maryland	North America	Egg 1 passage(s)	1747
CY185649.1	A/black-headed gull/Republic of Georgia/7/2012	H2N7	2012-01-23	Chroicocephalus ridibundus		Georgia: Guria	Asia	E1 passage(s)	1711
CY191035.1	A/American black duck/Maryland/11OS3978/2012	H2N1	2012-01-27	Anas rubripes		USA: Maryland	North America	Egg 1 passage(s)	1747
CY191259.1	A/mallard/Maryland/12OS565/2012	H2N2	2012-01-28	Anas platyrhynchos		USA: Maryland	North America	Egg 1 passage(s)	1747
CY185681.1	A/mallard/Republic of Georgia/2/2012	H2N3	2012-01-29	Anas platyrhynchos		Georgia: Guria	Asia	E1 passage(s)	1711
CY185617.1	A/black-headed gull/Republic of Georgia/9/2012	H2N5	2012-02-22	Chroicocephalus ridibundus		Georgia: Guria	Asia	E2 passage(s)	1711
CY202785.1	A/snow goose/Delaware/12OS3778/2012	H2N3	2012-02-23	Anser caerulescens		USA: DE	North America	egg 1 passage(s)	1747
MZ565570.1	A/lesser black-backed gull/Iceland/1585/2012	H2N7	2012-05	Larus fuscus		Iceland	Europe		1772
MZ565578.1	A/lesser black-backed gull/Iceland/1597/2012	H2N7	2012-05	Larus fuscus		Iceland	Europe		1772
MZ565586.1	A/lesser black-backed gull/Iceland/1629/2012	H2N7	2012-05	Larus fuscus		Iceland	Europe		1767
MZ565594.1	A/lesser black-backed gull/Iceland/1638/2012	H2N7	2012-05	Larus fuscus		Iceland	Europe		1772
MZ565602.1	A/lesser black-backed gull/Iceland/1642/2012	H2N7	2012-05	Larus fuscus		Iceland	Europe		1771
MZ565610.1	A/lesser black-backed gull/Iceland/1656/2012	H2N7	2012-05	Larus fuscus		Iceland	Europe		1770
MZ565618.1	A/lesser black-backed gull/Iceland/1792/2012	H2N7	2012-05	Larus fuscus		Iceland	Europe		1771
MZ565626.1	A/lesser black-backed gull/Iceland/1839/2012	H2N7	2012-05	Larus fuscus		Iceland	Europe		1769
MZ565634.1	A/lesser black-backed gull/Iceland/1853/2012	H2N7	2012-05	Larus fuscus		Iceland	Europe		1770
MZ565642.1	A/lesser black-backed gull/Iceland/1876/2012	H2N7	2012-05	Larus fuscus		Iceland	Europe		1770
KM213380.1	A/ruddy turnstone/Iceland/1946/2012	H2N7	2012-05-20	Arenaria interpres		Iceland	Europe		1772
CY177005.1	A/mallard/California/2800V/2012	H2N3	2012-06-13	Anas platyrhynchos		USA: Solano County, CA	North America	E 1 passage(s)	1744
CY157062.1	A/mallard/California/2745/2012	H2N3	2012-07-11	Anas platyrhynchos		USA: Solano County, CA	North America	E 1 passage(s)	1744
CY157078.1	A/mallard/California/2755/2012	H2N7	2012-07-11	Anas platyrhynchos		USA: Solano County, CA	North America	E 1 passage(s)	1744
CY157102.1	A/mallard/California/2801/2012	H2N3	2012-07-13	Anas platyrhynchos		USA: Solano County, CA	North America	E 1 passage(s)	1744
CY157110.1	A/mallard/California/2805/2012	H2N7	2012-07-13	Anas platyrhynchos		USA: Solano County, CA	North America	E 1 passage(s)	1744
CY157118.1	A/mallard/California/2815/2012	H2N3	2012-07-13	Anas platyrhynchos		USA: Solano County, CA	North America	E 1 passage(s)	1744
CY157134.1	A/mallard/California/2829/2012	H2N3	2012-07-16	Anas platyrhynchos		USA: Solano County, CA	North America	E 1 passage(s)	1744
CY157142.1	A/mallard/California/2833/2012	H2N3	2012-07-16	Anas platyrhynchos		USA: Solano County, CA	North America	E 1 passage(s)	1744
CY157150.1	A/mallard/California/2837/2012	H2N3	2012-07-16	Anas platyrhynchos		USA: Solano County, CA	North America	E 1 passage(s)	1744
CY157158.1	A/mallard/California/2838/2012	H2N3	2012-07-16	Anas platyrhynchos		USA: Solano County, CA	North America	E 1 passage(s)	1744
CY157166.1	A/mallard/California/2839/2012	H2N3	2012-07-16	Anas platyrhynchos		USA: Solano County, CA	North America	E 1 passage(s)	1744
CY157174.1	A/mallard/California/2840/2012	H2N3	2012-07-16	Anas platyrhynchos		USA: Solano County, CA	North America	E 1 passage(s)	1744
CY157182.1	A/mallard/California/2841/2012	H2N3	2012-07-16	Anas platyrhynchos		USA: Solano County, CA	North America	E 1 passage(s)	1744
CY157542.1	A/mallard/California/2858/2012	H2N7	2012-07-18	Anas platyrhynchos		USA: Solano County, CA	North America	E 1 passage(s)	1744
CY157190.1	A/mallard/California/2867/2012	H2N3	2012-07-18	Anas platyrhynchos		USA: Solano County, CA	North America	E 1 passage(s)	1744
CY157198.1	A/mallard/California/2885/2012	H2N3	2012-07-20	Anas platyrhynchos		USA: Solano County, CA	North America	E 1 passage(s)	1744
CY157246.1	A/mallard/California/2997/2012	H2N3	2012-07-25	Anas platyrhynchos		USA: Solano County, CA	North America	E 1 passage(s)	1744
CY157254.1	A/mallard/California/2999/2012	H2N3	2012-07-25	Anas platyrhynchos		USA: Solano County, CA	North America	E 1 passage(s)	1744
CY157262.1	A/mallard/California/3032/2012	H2N3	2012-07-27	Anas platyrhynchos		USA: Solano County, CA	North America	E 1 passage(s)	1744
CY157406.1	A/mallard/California/3223/2012	H2N3	2012-07-31	Anas platyrhynchos		USA: San Joaquin County, CA	North America	E 1 passage(s)	1744
CY157318.1	A/mallard/California/3118/2012	H2N3	2012-08-01	Anas platyrhynchos		USA: Solano County, CA	North America	E 1 passage(s)	1747
CY157326.1	A/mallard/California/3135/2012	H2N7	2012-08-01	Anas platyrhynchos		USA: Solano County, CA	North America	E 1 passage(s)	1747
CY157278.1	A/mallard/California/3046/2012	H2N3	2012-08-03	Anas platyrhynchos		USA: Solano County, CA	North America	E 1 passage(s)	1747
CY157334.1	A/mallard/California/3148/2012	H2N3	2012-08-03	Anas platyrhynchos		USA: Solano County, CA	North America	E 1 passage(s)	1744
CY157342.1	A/mallard/California/3152/2012	H2N3	2012-08-03	Anas platyrhynchos		USA: Solano County, CA	North America	E 1 passage(s)	1747
CY157350.1	A/mallard/California/3153/2012	H2N3	2012-08-03	Anas platyrhynchos		USA: Solano County, CA	North America	E 1 passage(s)	1744
CY157575.1	A/mallard/California/3078/2012	H2N3	2012-08-06	Anas platyrhynchos		USA: Solano County, CA	North America	E 1 passage(s)	1744
CY157366.1	A/mallard/California/3167/2012	H2N3	2012-08-06	Anas platyrhynchos		USA: Solano County, CA	North America	E 1 passage(s)	1744
CY157374.1	A/mallard/California/3171/2012	H2N3	2012-08-06	Anas platyrhynchos		USA: Solano County, CA	North America	E 1 passage(s)	1744
CY157382.1	A/mallard/California/3172/2012	H2N3	2012-08-06	Anas platyrhynchos		USA: Solano County, CA	North America	E 1 passage(s)	1744
CY157390.1	A/mallard/California/3174/2012	H2N3	2012-08-06	Anas platyrhynchos		USA: Solano County, CA	North America	E 1 passage(s)	1744
CY157398.1	A/mallard/California/3200/2012	H2N7	2012-08-08	Anas platyrhynchos		USA: Solano County, CA	North America	E 1 passage(s)	1747
CY157422.1	A/mallard/California/3310/2012	H2N3	2012-08-10	Anas platyrhynchos		USA: Solano County, CA	North America	E 1 passage(s)	1744
CY157430.1	A/mallard/California/3314/2012	H2N3	2012-08-10	Anas platyrhynchos		USA: Solano County, CA	North America	E 1 passage(s)	1744
CY157470.1	A/mallard/California/3430/2012	H2N3	2012-08-20	Anas platyrhynchos		USA: Solano County, CA	North America	E 1 passage(s)	1744
CY157017.1	A/mallard/California/3435/2012	H2N3	2012-08-20	Anas platyrhynchos		USA: Solano County, CA	North America	E 1 passage(s)	1744
CY157446.1	A/mallard/California/3381/2012	H2N3	2012-08-24	Anas platyrhynchos		USA: Solano County, CA	North America	E 1 passage(s)	1744
CY195735.1	A/mallard/Interior Alaska/12ML00059/2012	H2N9	2012-09-20	Anas platyrhynchos		USA: Interior Alaska	North America	Egg passage(s)	1747
CY195743.1	A/mallard/Interior Alaska/12ML00064/2012	H2N4	2012-09-20	Anas platyrhynchos		USA: Interior Alaska	North America	Egg passage(s)	1747
CY186989.1	A/northern shoveler/Ohio/12OS5647/2012	H2N3	2012-11-10	Spatula clypeata		USA: Ohio	North America	E1 passage(s)	1747
KX960477.1	A/blue-winged teal/Guatemala/CIP049H111-98/2012	H2N3	2012-12-07	Spatula discors		Guatemala	North America		1772
MF146097.1	A/tufted duck/Georgia/1/2012	H2N3	2012-12-22	Aythya fuligula		Georgia	Asia		1772
CY185340.1	A/tufted duck/Republic of Georgia/1/2012	H2N3	2012-12-22	Aythya fuligula		Georgia: Guria	Asia	E1 passage(s)	1711
PQ208006.1	A/avian/Aguascalientes/J28/2013	H2N9	2013	Aves		Mexico: Aguascalientes	North America		1772
MK327742.1	A/blue-winged teal/Guatemala/CIP049-H117-130/2013	H2N2	2013	Spatula discors		Guatemala	North America	embryonated egg	1772
MF145718.1	A/mallard duck/Netherlands/22/2013	H2N3	2013-01-07	Anas platyrhynchos		Netherlands	Europe		1773
OL372087.1	A/wild waterfowl/Western Australia/AS13-1169-11/2013	H2N2	2013-04-01	Anatidae		Australia: Western Australia	Oceania		1689
OL372095.1	A/wild waterfowl/Western Australia/AS13-1169-3/2013	H2N2	2013-04-01	Anatidae		Australia: Western Australia	Oceania		1689
OL372103.1	A/wild waterfowl/Western Australia/AS13-1169-312/2013	H2N2	2013-04-01	Anatidae		Australia: Western Australia	Oceania		1689
OL372111.1	A/wild waterfowl/Western Australia/AS13-1169-5/2013	H2N2	2013-04-01	Anatidae		Australia: Western Australia	Oceania		1689
OL372119.1	A/wild waterfowl/Western Australia/AS13-1169-57/2013	H2N2	2013-04-01	Anatidae		Australia: Western Australia	Oceania		1689
OL372127.1	A/wild waterfowl/Western Australia/AS13-1169-66/2013	H2N2	2013-04-01	Anatidae		Australia: Western Australia	Oceania		1689
OL372135.1	A/wild waterfowl/Western Australia/AS13-1169-81/2013	H2N2	2013-04-01	Anatidae		Australia: Western Australia	Oceania		1689
KF357792.1	A/duck/Zhejiang/465/2013	H2N7	2013-04-06	Anatidae		China	Asia		1689
KF357793.1	A/duck/Zhejiang/468/2013	H2N7	2013-04-06	Anatidae		China	Asia		1689
MZ565650.1	A/lesser black-backed gull/Iceland/2767/2013	H2N5	2013-05	Larus fuscus		Iceland	Europe		1772
KM100132.1	A/duck/Wuxi/2/2013	H2N2	2013-07-10	Anatidae		China	Asia		1689
CY205227.1	A/mallard/Maryland/13OS0875/2013	H2N3	2013-08-02	Anas platyrhynchos		USA: Maryland	North America	Egg1 passage(s)	1747
CY205235.1	A/mallard/Maryland/13OS0877/2013	H2N3	2013-08-02	Anas platyrhynchos		USA: Maryland	North America	Egg1 passage(s)	1747
CY205243.1	A/mallard/Maryland/13OS0878/2013	H2N3	2013-08-02	Anas platyrhynchos		USA: Maryland	North America	Egg1 passage(s)	1747
CY205251.1	A/mallard/Maryland/13OS0880/2013	H2N3	2013-08-02	Anas platyrhynchos		USA: Maryland	North America	Egg1 passage(s)	1747
CY205259.1	A/mallard/Maryland/13OS0881/2013	H2N3	2013-08-02	Anas platyrhynchos		USA: Maryland	North America	Egg1 passage(s)	1747
CY205267.1	A/mallard/Maryland/13OS0882/2013	H2N3	2013-08-02	Anas platyrhynchos		USA: Maryland	North America	Egg1 passage(s)	1747
CY205275.1	A/mallard/Maryland/13OS0884/2013	H2N3	2013-08-02	Anas platyrhynchos		USA: Maryland	North America	Egg1 passage(s)	1747
CY205283.1	A/mallard/Maryland/13OS0886/2013	H2N3	2013-08-02	Anas platyrhynchos		USA: Maryland	North America	Egg1 passage(s)	1747
CY205291.1	A/mallard/Maryland/13OS0890/2013	H2N3	2013-08-02	Anas platyrhynchos		USA: Maryland	North America	Egg1 passage(s)	1747
CY205299.1	A/mallard/Maryland/13OS0891/2013	H2N3	2013-08-02	Anas platyrhynchos		USA: Maryland	North America	Egg1 passage(s)	1747
CY205307.1	A/mallard/Maryland/13OS0892/2013	H2N3	2013-08-02	Anas platyrhynchos		USA: Maryland	North America	Egg1 passage(s)	1747
CY205315.1	A/mallard/Maryland/13OS0893/2013	H2N3	2013-08-02	Anas platyrhynchos		USA: Maryland	North America	Egg1 passage(s)	1747
CY205323.1	A/mallard/Maryland/13OS0894/2013	H2N3	2013-08-02	Anas platyrhynchos		USA: Maryland	North America	Egg1 passage(s)	1747
CY205331.1	A/mallard/Maryland/13OS0895/2013	H2N3	2013-08-02	Anas platyrhynchos		USA: Maryland	North America	Egg1 passage(s)	1747
CY205339.1	A/mallard/Maryland/13OS0898/2013	H2N3	2013-08-02	Anas platyrhynchos		USA: Maryland	North America	Egg1 passage(s)	1747
CY205347.1	A/mallard/Maryland/13OS0899/2013	H2N3	2013-08-02	Anas platyrhynchos		USA: Maryland	North America	Egg1 passage(s)	1747
CY205355.1	A/mallard/Maryland/13OS0900/2013	H2N3	2013-08-02	Anas platyrhynchos		USA: Maryland	North America	Egg1 passage(s)	1747
KJ568329.1	A/mallard/Ohio/13OS1972/2013	H2N8	2013-08-06	Anas platyrhynchos		USA: OH	North America		1773
CY206341.1	A/blue-winged teal/Texas/AI13-3534/2013	H2N3	2013-09-15	Spatula discors		USA: Texas, Chambers County	North America	E1 passage(s)	1747
KJ568185.1	A/blue-winged teal/Ohio/13OS2104/2013	H2N3	2013-09-22	Spatula discors		USA: OH	North America		1772
OK342165.1	A/aquatic bird/South Korea/GN21/2013	H2N2	2013-11	Aves		South Korea	Asia		1689
LC371786.1	A/duck/Hokkaido/162/2013	H2N1	2013-11-15	Anseriformes		Japan: Hokkaido	Asia		1749
LC041995.1	A/duck/Hokkaido/162/2013	H2N1	2013-11-15	Anseriformes		Japan	Asia		1739
KX394376.1	A/duck/Zhejiang/6D10/2013	H2N8	2013-12-14	Anatidae		China	Asia		1689
MK326705.1	A/blue-winged teal/Guatemala/CIP049-H121-36/2014	H2N9	2014	Spatula discors		Guatemala	North America		1772
OL370463.1	A/Pacific black duck/South Australia/14-5824080-12/2014	H2N2	2014-02-01	Anas superciliosa		Australia: South Australia	Oceania		1689
OL371431.1	A/wild waterbird/South Australia/14-6783940-67/2014	H2N2	2014-03-01			Australia: South Australia	Oceania		1689
KY828810.1	A/mallard/California/UCD320/2014	H2N5	2014-07-23	Anas platyrhynchos		USA	North America		1708
KY828666.1	A/mallard/California/UCD353/2014	H2N6	2014-08-12	Anas platyrhynchos		USA	North America		1708
MF148037.1	A/mallard duck/Netherlands/14/2014	H2N9	2014-08-27	Anas platyrhynchos		Netherlands	Europe		1773
MF147536.1	A/mallard duck/Netherlands/16/2014	H2N9	2014-08-29	Anas platyrhynchos		Netherlands	Europe		1773
KR052704.1	A/muskrat/Russia/63/2014	H2N2	2014-08-30	Ondatra zibethicus		Russia	Europe		1717
CY206627.1	A/blue-winged teal/Texas/UGAI14-3584/2014	H2N9	2014-09-13	Spatula discors		USA: Texas, McFaddin National Wildlife Refuge	North America	E2 passage(s)	1747
MN998504.1	A/duck/Pennsylvania/14-030488-005/2014	H2N2	2014-09-17	Anatidae		USA: Philadelphia County, Pennsylvania	North America		1689
MZ575090.1	A/mallard/Iceland/3782/2014	H2N2	2014-09-18	Anas platyrhynchos		Iceland	Europe		1783
CY204089.1	A/mallard/Ohio/14OS3363/2014	H2N3	2014-11-15	Anas platyrhynchos		USA: Ohio	North America	Egg1 passage(s)	1747
CY206814.1	A/mallard/Southcentral Alaska/12ML01535/2014	H2N3	2014-11-17	Anas platyrhynchos		USA: Alaska	North America	Egg passage(s)	1747
CY206822.1	A/mallard/Southcentral Alaska/12ML01615/2014	H2N1	2014-11-21	Anas platyrhynchos		USA: Alaska	North America	Egg passage(s)	1747
OL371983.1	A/wild waterfowl/Queensland/P14-14395-34/2014	H2N7	2014-12-01	Anatidae		Australia: Queensland	Oceania		1689
MN253558.1	A/American Wigeon/Nebraska/AH0033109S.4.A/2015	H2N5	2015	Mareca americana		USA: Nebraska	North America		1770
OL371783.1	A/wild waterbird/Western Australia/AS15-0827-104/2015	H2N7	2015-03-10			Australia: Western Australia	Oceania		1689
OL371791.1	A/wild waterbird/Western Australia/AS15-0827-106/2015	H2N7	2015-03-10			Australia: Western Australia	Oceania		1689
OL371807.1	A/wild waterbird/Western Australia/AS15-0827-133/2015	H2N7	2015-03-10			Australia: Western Australia	Oceania		1689
OL371831.1	A/wild waterbird/Western Australia/AS15-0827-44/2015	H2N1	2015-03-10			Australia: Western Australia	Oceania		1689
OL371839.1	A/wild waterbird/Western Australia/AS15-0827-46/2015	H2N7	2015-03-10			Australia: Western Australia	Oceania		1689
OL371847.1	A/wild waterbird/Western Australia/AS15-0827-56/2015	H2N7	2015-03-10			Australia: Western Australia	Oceania		1689
OL371855.1	A/wild waterbird/Western Australia/AS15-0827-80/2015	H2N7	2015-03-10			Australia: Western Australia	Oceania		1689
OL371863.1	A/wild waterbird/Western Australia/AS15-0827-82/2015	H2N7	2015-03-10			Australia: Western Australia	Oceania		1689
OL370098.1	A/wild waterbird/Western Australia/AS15-0827-83/2015	H2N7	2015-03-10			Australia: Western Australia	Oceania		1689
OL371871.1	A/wild waterbird/Western Australia/AS15-0827-89/2015	H2N7	2015-03-10			Australia: Western Australia	Oceania		1689
KY272974.1	A/turkey/Connecticut/15-009905-1/2015	H2N2	2015-03-25	Meleagris gallopavo		USA: Fairfield County, Connecticut	North America		1689
OL371879.1	A/wild waterbird/Western Australia/AS15-1167-128/2015	H2N7	2015-04-14			Australia: Western Australia	Oceania		1689
OQ120721.1	A/duck/Zambia/514/2015	H2N9	2015-07-17	Anatidae		Zambia	Africa		1759
KY583944.1	A/mallard/Ohio/15OS4177/2015	H2N9	2015-08-14	Anas platyrhynchos		USA	North America		1689
LC121372.1	A/duck/Mongolia/482/2015	H2N3	2015-08-31	Anas platyrhynchos		Mongolia	Asia		1754
LC121428.1	A/duck/Mongolia/655/2015	H2N3	2015-08-31	Anas platyrhynchos		Mongolia	Asia		1766
KY583849.1	A/blue-winged teal/Missouri/15OS5111/2015	H2N9	2015-09-12	Spatula discors		USA	North America		1689
OQ120633.1	A/ibis/Zambia/1625/2015	H2N9	2015-11-11	Threskiornithidae		Zambia	Africa		1752
OQ120634.1	A/ibis/Zambia/1765/2015	H2N9	2015-11-11	Threskiornithidae		Zambia	Africa		1757
KY561126.1	A/northern pintail duck/Ohio/15OS5942/2015	H2N9	2015-11-14	Spatula clypeata		USA	North America		1747
MK928172.1	A/Mallard/California/D1516363/2015	H2N3	2015-12-03	Anas platyrhynchos		USA: California	North America		1772
KY644183.1	A/blackish oystercatcher/Chile/C6534/2016	H2N2	2016-01-29	Haematopus ater		Chile	South America		1689
MT824948.1	A/mallard/Maryland/16OS0188/2016	H2N5	2016-01-29	Anas platyrhynchos		USA	North America		1762
KY415628.1	A/Pigeon/Longquan/LQ67/2016	H2N8	2016-01-30	Columbidae		China	Asia		1730
MT824842.1	A/snow goose/Delaware/16OS0439/2016	H2N5	2016-02-11	Anser caerulescens		USA	North America		1759
KY272982.1	A/quail/Connecticut/16-016726-1/2016	H2N2	2016-05-20	Galliformes		USA: Hartford County, Connecticut	North America		1733
KY272859.1	A/quail/Rhode Island/16-018622-1/2016	H2N2	2016-06-07	Galliformes		USA: Providence County, Rhode Island	North America		1741
MG280408.1	A/mallard duck/Ohio/16OS0827/2016	H2N3	2016-07-29	Anas platyrhynchos		USA	North America		1772
MN552537.1	A/Mallard Duck/Ohio/16OS0899/2016	H2N3	2016-08-05	Anas platyrhynchos		USA	North America		1689
MG280380.1	A/mallard duck/Ohio/16OS0953/2016	H2N3	2016-08-23	Anas platyrhynchos		USA	North America		1772
MN552480.1	A/Blue-winged Teal/Ohio/16OS1039/2016	H2N1	2016-09-04	Spatula discors		USA	North America		1689
MW727352.1	A/chicken/New York/16-032621-002/2016	H2N2	2016-09-30	Gallus gallus		USA: Schenectady County, New York	North America		1743
MG279938.1	A/mallard duck/Ohio/16OS5056/2016	H2N3	2016-11-16	Anas platyrhynchos		USA	North America		1772
MT406897.1	A/Anas platyrhynchos/Belgium/11127/2016	H2N3	2016-11-29	Anas platyrhynchos		Belgium	Europe		1773
OL371439.1	A/wild waterbird/South Australia/16-7857439-2/2016	H2N1	2016-11-29			Australia: South Australia	Oceania		1689
OL371455.1	A/wild waterbird/South Australia/16-7857439-59/2016	H2N1	2016-11-29			Australia: South Australia	Oceania		1689
OL371479.1	A/wild waterbird/South Australia/16-7857439-96/2016	H2N1	2016-11-29			Australia: South Australia	Oceania		1689
MG241343.1	A/wild bird/Fujian/24/2017	H2N6	2017-03	Aves		China	Asia		1689
MW727344.1	A/chicken/Connecticut/17-008911-004/2017	H2N2	2017-03-15	Gallus gallus		USA: Hartford County, Connecticut	North America		1733
MZ717585.1	A/ruddy turnstone/Iceland/6519/2017	H2N5	2017-05-18	Arenaria interpres		Iceland	Europe		1711
MZ717593.1	A/sanderling/Iceland/6743/2017	H2N5	2017-05-24	Calidris alba		Iceland	Europe		1711
PP502693.1	A/yellow-billed teal/Argentina/CIP112-3032/2017	H2N1	2017-06-22	Anas flavirostris		Argentina	South America		1689
MH637149.2	A/green-winged teal/Alberta/409/2017	H2N9	2017-08-12	Anas crecca		Canada	North America		1689
MH412465.2	A/mallard/Alberta/278/2017	H2N9	2017-08-12	Anas platyrhynchos		Canada	North America		1689
MH637361.2	A/mallard/Alberta/417/2017	H2N9	2017-08-12	Anas platyrhynchos		Canada	North America		1689
MH637193.2	A/mallard/Alberta/465/2017	H2N5	2017-08-13	Anas platyrhynchos		Canada	North America		1689
MH981809.2	A/mallard/Alberta/493/2017	H2N9	2017-08-13	Anas platyrhynchos		Canada	North America		1689
MK237264.1	A/blue-winged teal/Ohio/17OS1861/2017	H2N3	2017-09-16	Spatula discors		USA	North America		1772
OL371495.1	A/wild waterbird/South Australia/17-6661506-92/2017	H2N5	2017-09-28			Australia: South Australia	Oceania		1689
OQ797640.1	A/common teal/Egypt/MB-P-1352C/2017	H2N3	2017-10-12	Anas crecca		Egypt	Africa		1773
MK237763.1	A/greater scaup/Wisconsin/17OS5321/2017	H2N3	2017-11-11	Aythya marila		USA	North America		1772
MK237244.1	A/greater scaup/Wisconsin/17OS5322/2017	H2N3	2017-11-11	Aythya marila		USA	North America		1772
MK237637.1	A/greater scaup/Wisconsin/17OS5642/2017	H2N3	2017-11-11	Aythya marila		USA	North America		1768
MK236924.1	A/common goldeneye/Wisconsin/17OS5750/2017	H2N3	2017-12-02	Bucephala clangula		USA	North America		1747
MH503077.1	A/ruddy turnstone/South Carolina/UGAI17-4979/2017	H2N5	2017-12-09	Arenaria interpres		USA: South Carolina	North America		1711
OP905570.1	A/aquatic bird/South Korea/JB23/2018	H2N5	2018-01-05	Aves		South Korea	Asia		1689
MW727360.1	A/chicken/New York/18-002471-004/2018	H2N2	2018-01-18	Gallus gallus		USA: Queens County, New York	North America		1733
MN937838.1	A/mallard/Pennsylvania/UGAI18-1520/2018	H2N3	2018-01-31	Anas platyrhynchos		USA: Pennsylvania	North America		1747
OP888725.1	A/yellow-billed pintail/Chile/C40431/2018	H2N1	2018-04-24	Anas georgica		Chile	South America		1771
MK345612.1	A/ruddy turnstone/Delaware Bay/143/2018	H2N7	2018-05-21	Arenaria interpres		USA	North America		1748
MK345972.1	A/ruddy turnstone/Delaware Bay/190/2018	H2N7	2018-05-21	Arenaria interpres		USA	North America		1748
MK345894.1	A/ruddy turnstone/Delaware Bay/232/2018	H2N7	2018-05-21	Arenaria interpres		USA	North America		1748
MK345942.1	A/ruddy turnstone/Delaware Bay/246/2018	H2N7	2018-05-21	Arenaria interpres		USA	North America		1748
MK345746.1	A/ruddy turnstone/Delaware Bay/288/2018	H2N7	2018-05-22	Arenaria interpres		USA	North America		1748
MK345848.1	A/ruddy turnstone/Delaware Bay/326/2018	H2N1	2018-05-22	Arenaria interpres		USA	North America		1748
MK345805.1	A/ruddy turnstone/Delaware Bay/374/2018	H2N7	2018-05-22	Arenaria interpres		USA	North America		1746
MK345820.1	A/ruddy turnstone/Delaware Bay/413/2018	H2N1	2018-05-22	Arenaria interpres		USA	North America		1746
MK345879.1	A/semipalmated sandpiper/Delaware Bay/506/2018	H2N8	2018-05-23	Calidris pusilla		USA	North America		1746
MK345721.1	A/ruddy turnstone/Delaware Bay/587/2018	H2N7	2018-05-24	Arenaria interpres		USA	North America		1746
PP502709.1	A/yellow-billed teal/Argentina/CIP112-3201/2018	H2N1	2018-05-31	Anas flavirostris		Argentina	South America		1689
PP502436.1	A/white-cheeked pintail/Argentina/CIP112-3431/2018	H2N1	2018-06-08			Argentina	South America		1689
MK913510.1	A/mallard duck/California/UCD401/2018	H2N7	2018-06-27	Anas platyrhynchos		USA	North America		1772
MK913441.1	A/mallard duck/California/UCD402/2018	H2N7	2018-06-27	Anas platyrhynchos		USA	North America		1772
MK913502.1	A/mallard duck/California/UCD405/2018	H2N7	2018-06-27	Anas platyrhynchos		USA	North America		1772
MK913491.1	A/mallard duck/California/UCD409/2018	H2N7	2018-06-27	Anas platyrhynchos		USA	North America		1772
MK913476.1	A/mallard duck/California/UCD432/2018	H2N7	2018-06-29	Anas platyrhynchos		USA	North America		1772
MK345655.1	A/mallard/Alberta/149/2018	H2N9	2018-08-11	Anas platyrhynchos		Canada	North America		1747
PQ755530.1	A/Mallard Duck/Netherlands/121/2018	H2N3	2018-08-18	Anas platyrhynchos		Netherlands	Europe		1773
PQ755857.1	A/Mallard Duck/Netherlands/78/2018	H2N9	2018-08-22	Anas platyrhynchos		Netherlands	Europe		1773
PQ756088.1	A/Mallard Duck/Netherlands/127/2018	H2N6	2018-08-25	Anas platyrhynchos		Netherlands	Europe		1773
PQ755360.1	A/Mallard Duck/Netherlands/67/2018	H2N3	2018-09-03	Anas platyrhynchos		Netherlands	Europe		1773
MK979056.1	A/duck/Mongolia/871/2018	H2N3	2018-09-04	Anas platyrhynchos		Mongolia	Asia		1759
MK979064.1	A/duck/Mongolia/878/2018	H2N3	2018-09-04	Anas platyrhynchos		Mongolia	Asia		1757
MK979072.1	A/duck/Mongolia/899/2018	H2N3	2018-09-04	Anas platyrhynchos		Mongolia	Asia		1760
MK979088.1	A/duck/Mongolia/909/2018	H2N3	2018-09-04	Anas platyrhynchos		Mongolia	Asia		1756
MK979096.1	A/duck/Mongolia/911/2018	H2N3	2018-09-04	Anas platyrhynchos		Mongolia	Asia		1754
MK979176.1	A/duck/Mongolia/927/2018	H2N3	2018-09-04	Anas platyrhynchos		Mongolia	Asia		1756
MK979184.1	A/duck/Mongolia/934/2018	H2N3	2018-09-04	Anas platyrhynchos		Mongolia	Asia		1754
MK979200.1	A/duck/Mongolia/946/2018	H2N3	2018-09-04	Anas platyrhynchos		Mongolia	Asia		1756
MK979208.1	A/duck/Mongolia/953/2018	H2N3	2018-09-04	Anas platyrhynchos		Mongolia	Asia		1755
MK979224.1	A/duck/Mongolia/971/2018	H2N3	2018-09-04	Anas platyrhynchos		Mongolia	Asia		1750
MK979240.1	A/duck/Mongolia/975/2018	H2N3	2018-09-04	Anas platyrhynchos		Mongolia	Asia		1754
MW412628.1	A/Duck(Anas sp.)/Mongolia/MN18-141/2018	H2N8	2018-09-15	Anas platyrhynchos		Mongolia	Asia		1773
MN988429.1	A/mallard/Minnesota/MN18-WB2-207B/2018	H2N9	2018-09-15	Anas platyrhynchos		USA: Minnesota	North America		1689
MT406833.1	A/Anas platyrhynchos/Belgium/10409/2018	H2N3	2018-10-09	Anas platyrhynchos		Belgium	Europe		1773
MN430727.1	A/Common Goldeneye/Wisconsin/18OS3317/2018	H2N3	2018-11-14	Bucephala clangula		USA	North America		1689
MW727368.1	A/chicken/New York/18-042097-003/2018	H2N2	2018-11-27	Gallus gallus		USA: Queens County, New York	North America		1689
OR949156.1	A/duck/Chiayi/19WB0023-E2/2018	H2N3	2018-12-04	Anatidae		Taiwan: Chiayi	Asia		1773
MN795016.1	A/common goldeneye/Michigan/18OS3858/2018	H2N1	2018-12-09	Bucephala clangula		USA	North America		1689
MN511811.1	A/wild duck/South Korea/KNU18-102/2018	H2N9	2018-12-11	Anas platyrhynchos		South Korea	Asia		1689
ON720809.1	A/white-rumped sandpiper/Restinga de Jurubatiba/PNRJ049/2019	H2N1	2019-04	Calidris fuscicollis		Brazil: Restinga de Jurubatiba	South America		1689
MW727376.1	A/chicken/New York/19-012787-001/2019	H2N2	2019-04-23	Gallus gallus		USA: Queens County, New York	North America		1689
OL370511.1	A/Pacific black duck/Victoria/11840/2019	H2N1	2019-05-17	Anas superciliosa		Australia: Victoria	Oceania		1689
MN908119.1	A/Ruddy Turnstone/Delaware/374/2019	H2N9	2019-05-20	Arenaria interpres		USA	North America		1747
MT624542.1	A/Mallard duck/Alberta/414/2019	H2N3	2019-08-22	Anas platyrhynchos		Canada	North America		1747
MT624466.1	A/Mallard duck/Alberta/452/2019	H2N3	2019-08-22	Anas platyrhynchos		Canada	North America		1747
PP276297.1	A/chicken/New York/19-031904-007/2019	H2N2	2019-10-07	Gallus gallus		USA: Kings County, New York	North America		1689
OL371551.1	A/wild waterbird/South Australia/19-9013889-1/2019	H2N3	2019-11-06			Australia: South Australia	Oceania		1689
OL371559.1	A/wild waterbird/South Australia/19-9013889-100/2019	H2N3	2019-11-06			Australia: South Australia	Oceania		1689
OL371583.1	A/wild waterbird/South Australia/19-9013889-36/2019	H2N9	2019-11-06			Australia: South Australia	Oceania		1689
OL355026.1	A/Mallard/Peru/M6/2019	H2N6	2019-12-27	Anas platyrhynchos		Peru	South America		1689
PP276305.1	A/chicken/New York/20-000805-001/2020	H2N2	2020-01-03	Gallus gallus		USA: Kings County, New York	North America		1689
PP276313.1	A/chicken/New York/20-000805-002/2020	H2N2	2020-01-03	Gallus gallus		USA: Kings County, New York	North America		1689
PP276321.1	A/chicken/New York/20-000805-008/2020	H2N2	2020-01-03	Gallus gallus		USA: Kings County, New York	North America		1689
PP276329.1	A/chicken/New York/20-007052-002/2020	H2N2	2020-02-24	Gallus gallus		USA: Kings County, New York	North America		1689
PP276561.1	A/duck/New York/20-007052-007/2020	H2N2	2020-02-24	Anatidae		USA: Kings County, New York	North America		1689
PP276745.1	A/guinea fowl/New York/20-007052-004/2020	H2N2	2020-02-24	Numididae		USA: Kings County, New York	North America		1689
PP275913.1	A/Muscovy duck/New York/20-013705-004/2020	H2N2	2020-05-12	Cairina moschata		USA: Kings County, New York	North America		1689
PP276337.1	A/chicken/New York/20-013705-009/2020	H2N2	2020-05-12	Gallus gallus		USA: Kings County, New York	North America		1689
PP276569.1	A/duck/New York/20-013705-007/2020	H2N2	2020-05-12	Anatidae		USA: Kings County, New York	North America		1689
PP276697.1	A/guinea fowl/New Jersey/20-019241-001/2020	H2N2	2020-07-07	Numididae		USA: Monmouth County, New Jersey	North America		1689
PP275921.1	A/Muscovy duck/New York/20-022182-003/2020	H2N2	2020-07-29	Cairina moschata		USA: Kings County, New York	North America		1689
PP276345.1	A/chicken/New York/20-022182-001/2020	H2N2	2020-07-29	Gallus gallus		USA: Kings County, New York	North America		1689
PP276577.1	A/duck/New York/20-022182-006/2020	H2N2	2020-07-29	Anatidae		USA: Kings County, New York	North America		1689
OR048720.1	A/northern pintail/Japan/KU-d3C/2020	H2N9	2020-11-15	Anas acuta		Japan	Asia		1689
PP276353.1	A/chicken/New York/20-035789-001/2020	H2N2	2020-12-04	Gallus gallus		USA: Queens County, New York	North America		1689
PP276753.1	A/guinea fowl/New York/20-035789-004/2020	H2N2	2020-12-04	Numididae		USA: Queens County, New York	North America		1689
PV422422.1	A/Bird/Indonesia/EPI_ISL_HA19613405/2021	H2N7	2021	Aves		Indonesia	Asia		1748
PP276761.1	A/guinea fowl/New York/21-001661-004/2021	H2N2	2021-01-14	Numididae		USA: Queens County, New York	North America		1689
PP275929.1	A/Muscovy duck/New York/21-002317-006/2021	H2N2	2021-01-19	Cairina moschata		USA: Queens County, New York	North America		1689
PP276361.1	A/chicken/New York/21-002317-005/2021	H2N2	2021-01-19	Gallus gallus		USA: Queens County, New York	North America		1689
PP276665.1	A/environment/New York/21-008218-001/2021	H2N2	2021-03-02			USA: Suffolk County, New York	North America		1689
PP275937.1	A/Muscovy duck/New York/21-007767-007/2021	H2N2	2021-03-11	Cairina moschata		USA: New York County, New York	North America		1689
PP276369.1	A/chicken/New York/21-007767-006/2021	H2N2	2021-03-11	Gallus gallus		USA: New York County, New York	North America		1689
PP276673.1	A/environment/New York/21-009327-001/2021	H2N2	2021-03-11			USA: New York County, New York	North America		1689
PP276281.1	A/chicken/New Jersey/21-008045-001/2021	H2N2	2021-03-16	Gallus gallus		USA: Mercer County, New Jersey	North America		1689
PP276377.1	A/chicken/New York/21-008313-006/2021	H2N2	2021-03-16	Gallus gallus		USA: Bronx County, New York	North America		1689
PP276705.1	A/guinea fowl/New Jersey/21-008045-004/2021	H2N2	2021-03-16	Numididae		USA: Mercer County, New Jersey	North America		1689
PP276881.1	A/turkey/New York/21-008313-003/2021	H2N2	2021-03-16	Meleagris gallopavo		USA: Bronx County, New York	North America		1689
PP275945.1	A/Muscovy duck/New York/21-008939-005/2021	H2N2	2021-03-22	Cairina moschata		USA: Bronx County, New York	North America		1689
PP276889.1	A/turkey/New York/21-008939-004/2021	H2N2	2021-03-22	Meleagris gallopavo		USA: Bronx County, New York	North America		1689
PP276585.1	A/duck/New York/21-012074-002/2021	H2N2	2021-04-15	Anatidae		USA: Bronx County, New York	North America		1689
PP276385.1	A/chicken/New York/21-017042-001/2021	H2N2	2021-06-07	Gallus gallus		USA: Suffolk County, New York	North America		1689
PP275953.1	A/Muscovy duck/New York/21-018220-004/2021	H2N2	2021-06-14	Cairina moschata		USA: Bronx County, New York	North America		1689
PQ526631.1	A/Duck/Fujian/06.29FZHX038-O/2021	H2N2	2021-06-29	Anatidae		China: Fujian	Asia		1711
PP276681.1	A/environment/New York/21-021736-001/2021	H2N2	2021-07-14			USA: Suffolk County, New York	North America		1689
OL422870.1	A/mallard/New York/AH0179250/2021	H2N5	2021-08-11	Anas platyrhynchos		USA: Schuyler County, New York	North America		1689
OL422854.1	A/mallard/New York/AH0179253/2021	H2N5	2021-08-11	Anas platyrhynchos		USA: Schuyler County, New York	North America		1689
OL462892.1	A/mallard/Nevada/AH0190908/2021	H2N9	2021-08-19	Anas platyrhynchos		USA: Churchill County, Nevada	North America		1689
OP723726.1	A/Mallard/Alberta/132/2021	H2N4	2021-08-26	Anas platyrhynchos		Canada	North America		1747
OP723664.1	A/Mallard/Alberta/150/2021	H2N4	2021-08-26	Anas platyrhynchos		Canada	North America		1747
OP723711.1	A/Mallard/Alberta/153/2021	H2N4	2021-08-26	Anas platyrhynchos		Canada	North America		1747
OP723742.1	A/Mallard/Alberta/192/2021	H2N4	2021-08-26	Anas platyrhynchos		Canada	North America		1747
OP723535.1	A/Mallard/Alberta/200/2021	H2N4	2021-08-26	Anas platyrhynchos		Canada	North America		1747
OP723845.1	A/Mallard/Alberta/226/2021	H2N4	2021-08-26	Anas platyrhynchos		Canada	North America		1747
OP723821.1	A/Mallard/Alberta/231/2021	H2N4	2021-08-26	Anas platyrhynchos		Canada	North America		1747
OP723681.1	A/Mallard/Alberta/513/2021	H2N3	2021-08-26	Anas platyrhynchos		Canada	North America		1747
OP723759.1	A/Mallard/Alberta/559/2021	H2N4	2021-08-26	Anas platyrhynchos		Canada	North America		1747
OP723689.1	A/Mallard/Alberta/571/2021	H2N4	2021-08-26	Anas platyrhynchos		Canada	North America		1747
OP723790.1	A/Mallard/Alberta/597/2021	H2N4	2021-08-26	Anas platyrhynchos		Canada	North America		1747
PV422421.1	A/Bird/Indonesia/EPI_ISL_HA19613406/2022	H2N7	2022	Aves		Indonesia	Asia		1748
PV422353.1	A/Bird/Papua New Guinea/EPI_ISL_HA19613372/2022	H2N7	2022	Aves		Papua New Guinea	Oceania		1748
PP276033.1	A/Muscovy duck/New York/22-013371-002/2022	H2N2	2022	Cairina moschata		USA: Queens County, New York	North America		1689
PP276257.1	A/Muscovy duck/Pennsylvania/22-001842-003/2022	H2N2	2022-01-08	Cairina moschata		USA: Pennsylvania	North America		1689
PP275961.1	A/Muscovy duck/New York/22-001896-004/2022	H2N2	2022-01-12	Cairina moschata		USA: Queens County, New York	North America		1689
PP276393.1	A/chicken/New York/22-001896-002/2022	H2N2	2022-01-12	Gallus gallus		USA: Queens County, New York	North America		1689
PP276769.1	A/guinea fowl/New York/22-001896-003/2022	H2N2	2022-01-12	Numididae		USA: Queens County, New York	North America		1689
PP276689.1	A/environment/New York/22-004166-001/2022	H2N2	2022-01-24			USA: Kings County, New York	North America		1689
PP276401.1	A/chicken/New York/22-003259-004/2022	H2N2	2022-01-27	Gallus gallus		USA: Queens County, New York	North America		1689
PP275969.1	A/Muscovy duck/New York/22-003260-005/2022	H2N2	2022-01-28	Cairina moschata		USA: Queens County, New York	North America		1689
PP276409.1	A/chicken/New York/22-003260-003/2022	H2N2	2022-01-28	Gallus gallus		USA: Queens County, New York	North America		1689
PP276777.1	A/guinea fowl/New York/22-003260-001/2022	H2N2	2022-01-28	Numididae		USA: Queens County, New York	North America		1689
PP275977.1	A/Muscovy duck/New York/22-003806-005/2022	H2N2	2022-01-31	Cairina moschata		USA: Queens County, New York	North America		1689
PP276785.1	A/guinea fowl/New York/22-003806-004/2022	H2N2	2022-01-31	Numididae		USA: Queens County, New York	North America		1689
PP275985.1	A/Muscovy duck/New York/22-003809-004/2022	H2N2	2022-02-02	Cairina moschata		USA: Queens County, New York	North America		1689
PP276417.1	A/chicken/New York/22-003809-002/2022	H2N2	2022-02-02	Gallus gallus		USA: Queens County, New York	North America		1689
PP276593.1	A/duck/New York/22-003809-005/2022	H2N2	2022-02-02	Anatidae		USA: Queens County, New York	North America		1689
PP275993.1	A/Muscovy duck/New York/22-005880-003/2022	H2N2	2022-02-22	Cairina moschata		USA: Kings County, New York	North America		1689
PP276425.1	A/chicken/New York/22-005880-006/2022	H2N2	2022-02-22	Gallus gallus		USA: Kings County, New York	North America		1689
PP276001.1	A/Muscovy duck/New York/22-006284-005/2022	H2N2	2022-02-23	Cairina moschata		USA: Kings County, New York	North America		1689
PP276441.1	A/chicken/New York/22-006284-003/2022	H2N2	2022-02-23	Gallus gallus		USA: Kings County, New York	North America		1689
PP276433.1	A/chicken/New York/22-006283-006/2022	H2N2	2022-02-24	Gallus gallus		USA: Kings County, New York	North America		1689
PP276601.1	A/duck/New York/22-006283-001/2022	H2N2	2022-02-24	Anatidae		USA: Kings County, New York	North America		1689
PP276793.1	A/guinea fowl/New York/22-007140-002/2022	H2N2	2022-03-03	Numididae		USA: Queens County, New York	North America		1689
PP276009.1	A/Muscovy duck/New York/22-007692-004/2022	H2N2	2022-03-10	Cairina moschata		USA: Queens County, New York	North America		1689
PP276609.1	A/duck/New York/22-009459-002/2022	H2N2	2022-03-24	Anatidae		USA: Queens County, New York	North America		1689
PP276017.1	A/Muscovy duck/New York/22-010902-001/2022	H2N2	2022-04-06	Cairina moschata		USA: Kings County, New York	North America		1689
PP276025.1	A/Muscovy duck/New York/22-011786-005/2022	H2N2	2022-04-13	Cairina moschata		USA: Queens County, New York	North America		1689
PP276449.1	A/chicken/New York/22-011786-002/2022	H2N2	2022-04-13	Gallus gallus		USA: Queens County, New York	North America		1689
PP276289.1	A/chicken/New Jersey/22-012428-007/2022	H2N2	2022-04-20	Gallus gallus		USA: Essex County, New Jersey	North America		1689
PP276457.1	A/chicken/New York/22-012806-002/2022	H2N2	2022-04-20	Gallus gallus		USA: Kings County, New York	North America		1689
PP276713.1	A/guinea fowl/New Jersey/22-012428-004/2022	H2N2	2022-04-20	Numididae		USA: Essex County, New Jersey	North America		1689
PP276041.1	A/Muscovy duck/New York/22-013818-006/2022	H2N2	2022-05-02	Cairina moschata		USA: Queens County, New York	North America		1689
PP276049.1	A/Muscovy duck/New York/22-014554-003/2022	H2N2	2022-05-04	Cairina moschata		USA: Queens County, New York	North America		1689
PP276617.1	A/duck/New York/22-014554-002/2022	H2N2	2022-05-04	Anatidae		USA: Queens County, New York	North America		1689
PP276057.1	A/Muscovy duck/New York/22-014994-008/2022	H2N2	2022-05-10	Cairina moschata		USA: Queens County, New York	North America		1689
PP276465.1	A/chicken/New York/22-014994-003/2022	H2N2	2022-05-10	Gallus gallus		USA: Queens County, New York	North America		1689
PP276721.1	A/guinea fowl/New Jersey/22-015074-002/2022	H2N2	2022-05-10	Numididae		USA: Essex County, New Jersey	North America		1689
PP275905.1	A/Muscovy duck/New Jersey/22-015898-003/2022	H2N2	2022-05-16	Cairina moschata		USA: Union County, New Jersey	North America		1689
PP276729.1	A/guinea fowl/New Jersey/22-015899-002/2022	H2N2	2022-05-16	Numididae		USA: Essex County, New Jersey	North America		1689
PP276065.1	A/Muscovy duck/New York/22-016261-007/2022	H2N2	2022-05-18	Cairina moschata		USA: Kings County, New York	North America		1689
PP276473.1	A/chicken/New York/22-016261-009/2022	H2N2	2022-05-18	Gallus gallus		USA: Kings County, New York	North America		1689
PP276801.1	A/guinea fowl/New York/22-016261-002/2022	H2N2	2022-05-18	Numididae		USA: Kings County, New York	North America		1689
PP276073.1	A/Muscovy duck/New York/22-016262-003/2022	H2N2	2022-05-19	Cairina moschata		USA: Queens County, New York	North America		1689
PP276081.1	A/Muscovy duck/New York/22-016265-003/2022	H2N2	2022-05-19	Cairina moschata		USA: Nassau County, New York	North America		1689
PP276481.1	A/chicken/New York/22-016265-002/2022	H2N2	2022-05-19	Gallus gallus		USA: Nassau County, New York	North America		1689
PP276625.1	A/duck/New York/22-016262-004/2022	H2N2	2022-05-19	Anatidae		USA: Queens County, New York	North America		1689
PP276809.1	A/guinea fowl/New York/22-016262-001/2022	H2N2	2022-05-19	Numididae		USA: Queens County, New York	North America		1689
PP276817.1	A/guinea fowl/New York/22-016265-001/2022	H2N2	2022-05-19	Numididae		USA: Nassau County, New York	North America		1689
PP276089.1	A/Muscovy duck/New York/22-017356-002/2022	H2N2	2022-05-26	Cairina moschata		USA: Queens County, New York	North America		1689
PP276737.1	A/guinea fowl/New Jersey/22-017289-002/2022	H2N2	2022-05-27	Numididae		USA: Camden County, New Jersey	North America		1689
PP276489.1	A/chicken/New York/22-017367-001/2022	H2N2	2022-06-01	Gallus gallus		USA: Montgomery County, New York	North America		1689
PP276497.1	A/chicken/New York/22-017945-001/2022	H2N2	2022-06-03	Gallus gallus		USA: Kings County, New York	North America		1689
PP276097.1	A/Muscovy duck/New York/22-019319-005/2022	H2N2	2022-06-17	Cairina moschata		USA: Queens County, New York	North America		1689
PP276505.1	A/chicken/New York/22-019319-001/2022	H2N2	2022-06-17	Gallus gallus		USA: Queens County, New York	North America		1689
PP276825.1	A/guinea fowl/New York/22-019319-003/2022	H2N2	2022-06-17	Numididae		USA: Queens County, New York	North America		1689
PP276105.1	A/Muscovy duck/New York/22-020849-004/2022	H2N2	2022-06-27	Cairina moschata		USA: Queens County, New York	North America		1689
PP276113.1	A/Muscovy duck/New York/22-020850-006/2022	H2N2	2022-06-27	Cairina moschata		USA: Queens County, New York	North America		1689
PP276513.1	A/chicken/New York/22-020850-003/2022	H2N2	2022-06-27	Gallus gallus		USA: Queens County, New York	North America		1689
PP276833.1	A/guinea fowl/New York/22-020850-001/2022	H2N2	2022-06-27	Numididae		USA: Queens County, New York	North America		1689
PP276129.1	A/Muscovy duck/New York/22-021441-001/2022	H2N2	2022-07-06	Cairina moschata		USA: Nassau County, New York	North America		1689
PP276121.1	A/Muscovy duck/New York/22-021440-005/2022	H2N2	2022-07-07	Cairina moschata		USA: Queens County, New York	North America		1689
PP276521.1	A/chicken/New York/22-021440-002/2022	H2N2	2022-07-07	Gallus gallus		USA: Queens County, New York	North America		1689
PP276137.1	A/Muscovy duck/New York/22-021904-001/2022	H2N2	2022-07-12	Cairina moschata		USA: Queens County, New York	North America		1689
PP276841.1	A/guinea fowl/New York/22-023775-002/2022	H2N2	2022-07-27	Numididae		USA: Queens County, New York	North America		1689
PP276145.1	A/Muscovy duck/New York/22-025015-002/2022	H2N2	2022-08-08	Cairina moschata		USA: Queens County, New York	North America		1689
PP276529.1	A/chicken/New York/22-025015-001/2022	H2N2	2022-08-08	Gallus gallus		USA: Queens County, New York	North America		1689
OP806450.1	A/Mallard/Alberta/112/2022	H2N9	2022-08-20	Anas platyrhynchos		Canada	North America		1747
PP276153.1	A/Muscovy duck/New York/22-040241-001/2022	H2N2	2022-12-05	Cairina moschata		USA: Queens County, New York	North America		1689
PP276161.1	A/Muscovy duck/New York/22-041140-001/2022	H2N2	2022-12-15	Cairina moschata		USA: Bronx County, New York	North America		1689
PP276169.1	A/Muscovy duck/New York/22-042021-002/2022	H2N2	2022-12-19	Cairina moschata		USA: Kings County, New York	North America		1689
PP276177.1	A/Muscovy duck/New York/22-042022-007/2022	H2N2	2022-12-19	Cairina moschata		USA: Suffolk County, New York	North America		1689
PP276849.1	A/guinea fowl/New York/22-042021-001/2022	H2N2	2022-12-19	Numididae		USA: Kings County, New York	North America		1689
PV422248.1	A/Bird/Madagascar/EPI_ISL_HA19613496/2023	H2N7	2023	Aves		Madagascar	Africa		1689
PP276193.1	A/Muscovy duck/New York/23-001920-003/2023	H2N2	2023	Cairina moschata		USA: Queens County, New York	North America		1689
PP276545.1	A/chicken/New York/23-001920-001/2023	H2N2	2023	Gallus gallus		USA: Queens County, New York	North America		1689
PP276553.1	A/chicken/New York/23-001920-004/2023	H2N2	2023	Gallus gallus		USA: Queens County, New York	North America		1689
PP276633.1	A/duck/New York/23-001920-002/2023	H2N2	2023	Anatidae		USA: Queens County, New York	North America		1689
PP276185.1	A/Muscovy duck/New York/23-001022-007/2023	H2N2	2023-01-04	Cairina moschata		USA: Queens County, New York	North America		1689
PP276537.1	A/chicken/New York/23-001022-001/2023	H2N2	2023-01-04	Gallus gallus		USA: Queens County, New York	North America		1689
PP276201.1	A/Muscovy duck/New York/23-002543-001/2023	H2N2	2023-01-18	Cairina moschata		USA: Kings County, New York	North America		1689
PP276209.1	A/Muscovy duck/New York/23-002750-001/2023	H2N2	2023-01-18	Cairina moschata		USA: Queens County, New York	North America		1689
PP276217.1	A/Muscovy duck/New York/23-002750-002/2023	H2N2	2023-01-18	Cairina moschata		USA: Queens County, New York	North America		1689
PP276857.1	A/guinea fowl/New York/23-002543-003/2023	H2N2	2023-01-18	Numididae		USA: Kings County, New York	North America		1689
PP276225.1	A/Muscovy duck/New York/23-002751-004/2023	H2N2	2023-01-19	Cairina moschata		USA: Bronx County, New York	North America		1689
PP829768.1	A/environment/Chile/C62999/2023	H2N8	2023-02-07			Chile	South America		1772
PP829664.1	A/environment/Chile/C63085/2023	H2N2	2023-02-07			Chile	South America		1746
PP276233.1	A/Muscovy duck/New York/23-005131-003/2023	H2N2	2023-02-10	Cairina moschata		USA: Suffolk County, New York	North America		1689
PP276241.1	A/Muscovy duck/New York/23-005132-002/2023	H2N2	2023-02-10	Cairina moschata		USA: Kings County, New York	North America		1689
PP276641.1	A/duck/New York/23-005131-002/2023	H2N2	2023-02-10	Anatidae		USA: Suffolk County, New York	North America		1689
PP276865.1	A/guinea fowl/New York/23-005132-001/2023	H2N2	2023-02-10	Numididae		USA: Kings County, New York	North America		1689
PP276249.1	A/Muscovy duck/New York/23-006117-007/2023	H2N2	2023-02-15	Cairina moschata		USA: Queens County, New York	North America		1689
PP276873.1	A/guinea fowl/New York/23-015240-001/2023	H2N2	2023-05-10	Numididae		USA: Suffolk County, New York	North America		1689
PP691875.1	A/Mallard/Alberta/174/2023	H2N9	2023-08-16	Anas platyrhynchos		Canada	North America		1747
PP692041.1	A/Northern Pintail/Alberta/404/2023	H2N3	2023-08-18	Anas acuta		Canada	North America		1747
PV978777.1	A/lesser scaup/Wisconsin/23OS0708/2023	H2N9	2023-11-03	Aythya affinis		USA	North America		1689
PV949215.1	A/Pheasant/ID/24-020934-001-original/2024	H2N9	2024-07-16	Phasianinae		USA: ID	North America		1689
PV949223.1	A/Pheasant/ID/24-020934-002-original/2024	H2N9	2024-07-16	Phasianinae		USA: ID	North America		1689
PV078284.1	A/Mallard/Alberta/101/2024	H2N9	2024-08-15	Anas platyrhynchos		Canada	North America		1747
PV078347.1	A/Mallard/Alberta/126/2024	H2N9	2024-08-15	Anas platyrhynchos		Canada	North America		1747
PV078277.1	A/Mallard/Alberta/72/2024	H2N3	2024-08-15	Anas platyrhynchos		Canada	North America		1747
PV078300.1	A/Mallard/Alberta/224/2024	H2N9	2024-08-17	Anas platyrhynchos		Canada	North America		1747
PV084803.1	A/Mallard/Alberta/390/2024	H2N9	2024-08-20	Anas platyrhynchos		Canada	North America		1747
PV084798.1	A/Mallard/Alberta/496/2024	H2N9	2024-08-22	Anas platyrhynchos		Canada	North America		1747
PX812515.1	A/Gadwall/OR/25-021485-061-original/2025	H2N1	2025-07-22	Mareca strepera		USA: OR	North America		1689
PX822421.1	A/Mallard Duck/OR/25-021485-048-original/2025	H2N1	2025-07-22	Anas platyrhynchos		USA: OR	North America		1689
PX808391.1	A/Mallard Duck/OR/25-021485-051-original/2025	H2N9	2025-07-22	Anas platyrhynchos		USA: OR	North America		1689
PX823117.1	A/blue-winged Teal/NE/25-022276-004-original/2025	H2N2	2025-08-02	Spatula discors		USA: NE	North America		1689
PX813947.1	A/blue-winged Teal/NE/25-022276-006-original/2025	H2N2	2025-08-02	Spatula discors		USA: NE	North America		1689
PX824774.1	A/Mallard Duck/ID/25-023513-024-original/2025	H2N9	2025-08-13	Anas platyrhynchos		USA: ID	North America		1689
PX824766.1	A/Mallard Duck/ID/25-023509-008-original/2025	H2N9	2025-08-15	Anas platyrhynchos		USA: ID	North America		1689
PX808063.1	A/Mallard Duck/ID/25-023509-027-original/2025	H2N9	2025-08-15	Anas platyrhynchos		USA: ID	North America		1689
PX812819.1	A/Mallard Duck/ID/25-024035-055-original/2025	H2N1	2025-08-18	Anas platyrhynchos		USA: ID	North America		1689
PX812827.1	A/Mallard Duck/ID/25-024035-058-original/2025	H2N1	2025-08-18	Anas platyrhynchos		USA: ID	North America		1689
PX822013.1	A/Mallard Duck/ID/25-024035-059-original/2025	H2N1	2025-08-18	Anas platyrhynchos		USA: ID	North America		1689
PX822021.1	A/Mallard Duck/ID/25-024035-060-original/2025	H2N1	2025-08-18	Anas platyrhynchos		USA: ID	North America		1689
PX822029.1	A/Mallard Duck/ID/25-024035-061-original/2025	H2N1	2025-08-18	Anas platyrhynchos		USA: ID	North America		1689
PX822037.1	A/Mallard Duck/ID/25-024035-062-original/2025	H2N1	2025-08-18	Anas platyrhynchos		USA: ID	North America		1689
PX812835.1	A/Mallard Duck/ID/25-024035-063-original/2025	H2N1	2025-08-18	Anas platyrhynchos		USA: ID	North America		1689
PX808079.1	A/Mallard Duck/ID/25-024035-064-original/2025	H2N1	2025-08-18	Anas platyrhynchos		USA: ID	North America		1689
PX808087.1	A/Mallard Duck/ID/25-024035-068-original/2025	H2N1	2025-08-18	Anas platyrhynchos		USA: ID	North America		1689
PX824782.1	A/Mallard Duck/ID/25-024038-008-original/2025	H2N9	2025-08-20	Anas platyrhynchos		USA: ID	North America		1689
PX813155.1	A/Mallard Duck/NJ/25-024065-018-original/2025	H2N5	2025-08-21	Anas platyrhynchos		USA: NJ	North America		1689
PX822357.1	A/Mallard Duck/NJ/25-024065-019-original/2025	H2N5	2025-08-21	Anas platyrhynchos		USA: NJ	North America		1689
PX816553.1	A/Mallard Duck/VT/25-023754-042-original/2025	H2N3	2025-08-22	Anas platyrhynchos		USA: VT	North America		1689
PX819508.1	A/Mallard Duck/VT/25-023754-049-original/2025	H2N1	2025-08-22	Anas platyrhynchos		USA: VT	North America		1689
PX821941.1	A/Mallard Duck/CO/25-024262-002-original/2025	H2N6	2025-08-27	Anas platyrhynchos		USA: CO	North America		1689
PX819116.1	A/Mallard Duck/ID/25-024271-002-original/2025	H2N9	2025-08-27	Anas platyrhynchos		USA: ID	North America		1689
PX822053.1	A/Mallard Duck/ID/25-024271-024-original-repeat2/2025	H2N9	2025-08-27	Anas platyrhynchos		USA: ID	North America		1689
PX822061.1	A/Mallard Duck/ID/25-024441-009-original/2025	H2N1	2025-08-27	Anas platyrhynchos		USA: ID	North America		1689
PX822069.1	A/Mallard Duck/ID/25-024441-010-original/2025	H2N1	2025-08-27	Anas platyrhynchos		USA: ID	North America		1689
PX815953.1	A/Mallard Duck/ID/25-024441-012-original/2025	H2N1	2025-08-27	Anas platyrhynchos		USA: ID	North America		1689
PX824822.1	A/Mallard Duck/ID/25-024441-034-original/2025	H2N1	2025-08-27	Anas platyrhynchos		USA: ID	North America		1689
PX819396.1	A/Mallard Duck/NH/25-024636-001-original/2025	H2N8	2025-09-03	Anas platyrhynchos		USA: NH	North America		1689
PX825070.1	A/Mallard Duck/NH/25-024637-016-original/2025	H2N3	2025-09-03	Anas platyrhynchos		USA: NH	North America		1689
PX825078.1	A/Mallard Duck/NH/25-024637-033-original/2025	H2N3	2025-09-03	Anas platyrhynchos		USA: NH	North America		1689
PX819404.1	A/Mallard Duck/NH/25-024637-049-original/2025	H2N3	2025-09-03	Anas platyrhynchos		USA: NH	North America		1689
PX808183.1	A/Mallard Duck/ME/25-026002-003-original/2025	H2N1	2025-09-09	Anas platyrhynchos		USA: ME	North America		1689
PX808191.1	A/Mallard Duck/ME/25-026002-005-original/2025	H2N1	2025-09-09	Anas platyrhynchos		USA: ME	North America		1689
PX816025.1	A/Mallard Duck/ME/25-026002-007-original/2025	H2N1	2025-09-09	Anas platyrhynchos		USA: ME	North America		1689
PX824862.1	A/Mallard Duck/ME/25-026003-005-original/2025	H2N1	2025-09-10	Anas platyrhynchos		USA: ME	North America		1689
PX822125.1	A/Mallard Duck/ME/25-026005-001-original/2025	H2N1	2025-09-11	Anas platyrhynchos		USA: ME	North America		1689
PX822133.1	A/Mallard Duck/ME/25-026005-004-original/2025	H2N1	2025-09-11	Anas platyrhynchos		USA: ME	North America		1689
PX814889.1	A/American black duck/ME/25-026006-001-original-repeat2/2025	H2N2	2025-09-18	Anas rubripes		USA: ME	North America		1689
PX883046.1	A/Mallard Duck/MI/25G01270-001-original/2025	H2N1	2025-09-23	Anas platyrhynchos		USA: MI	North America		1689
PX819324.1	A/Mallard Duck/MI/25G01270-006-original/2025	H2N1	2025-09-23	Anas platyrhynchos		USA: MI	North America		1689
PZ031653.1	A/Mallard Duck/VA/25G06557-004-original/2025	H2N3	2025-12-19	Anas platyrhynchos		USA: VA	North America		1689
